,Int.l.Plan,VMail.Plan,Day.Mins,Intl.Mins,Intl.Calls,CustServ.Calls,Churn
0,False,False,130.6,15.6,3,3,False
1,False,False,185.0,14.1,3,3,False
2,False,True,175.7,8.6,3,2,False
3,False,False,131.7,10.7,3,1,False
4,False,False,199.9,11.3,7,1,False
5,False,False,101.4,12.2,2,1,False
6,False,False,109.8,11.9,6,1,False
7,False,False,286.7,6.9,5,2,False
8,False,True,172.3,11.8,5,1,False
9,True,False,179.9,13.8,2,1,True
10,False,False,173.5,9.7,2,3,False
11,False,False,297.9,8.9,5,1,True
12,False,True,214.2,10.3,2,0,False
13,False,False,237.6,9.1,9,0,False
14,False,False,259.4,10.7,6,1,True
15,False,True,177.1,5.2,5,1,False
16,False,False,231.3,7.2,7,1,False
17,False,False,126.0,10.2,6,3,False
18,True,True,216.4,12.7,4,1,False
19,False,False,171.8,9.7,5,1,False
20,False,True,194.9,13.2,2,2,False
21,False,False,184.0,11.0,3,0,False
22,False,False,207.7,8.0,5,1,False
23,False,False,124.4,10.4,4,2,False
24,False,True,214.4,8.0,13,3,False
25,False,False,293.7,11.0,10,2,True
26,False,False,249.4,9.1,3,0,False
27,False,False,227.9,5.5,7,1,True
28,False,False,168.6,9.8,5,1,False
29,False,False,51.5,9.5,4,3,False
30,False,False,207.6,13.3,2,1,False
31,False,False,242.6,14.4,6,2,False
32,False,False,162.6,11.5,4,0,False
33,False,False,210.9,9.4,5,4,False
34,False,False,156.6,12.3,5,3,False
35,False,False,204.5,13.4,1,3,False
36,False,False,81.1,10.3,2,0,False
37,False,False,100.1,11.1,8,3,False
38,True,False,122.3,13.7,3,3,True
39,False,False,261.9,13.8,4,0,False
40,False,False,243.1,7.8,4,2,False
41,False,True,112.8,13.2,6,2,False
42,False,False,170.9,11.6,3,1,False
43,False,False,160.4,6.9,4,3,False
44,True,False,149.4,17.9,3,3,True
45,True,False,205.9,11.0,2,0,True
46,False,False,174.4,0.0,0,4,False
47,False,False,246.5,12.7,3,2,False
48,True,False,246.8,13.2,5,0,True
49,False,False,118.9,13.2,10,2,False
50,False,False,245.2,7.2,8,0,False
51,False,False,139.4,13.6,6,1,False
52,False,False,196.0,9.8,1,3,False
53,False,False,312.0,12.8,4,1,True
54,False,True,187.5,6.4,6,4,True
55,False,False,96.1,9.7,4,1,False
56,False,True,92.7,9.9,4,3,False
57,False,True,146.8,7.2,7,0,False
58,False,False,256.3,6.2,7,2,False
59,False,False,99.7,14.1,4,2,False
60,False,True,213.0,11.1,3,4,False
61,False,True,156.6,9.4,6,1,False
62,False,True,116.9,12.3,2,0,False
63,False,True,144.1,14.5,3,1,False
64,False,False,186.8,12.3,6,2,False
65,True,False,293.3,14.5,4,0,True
66,False,True,107.7,8.9,3,0,False
67,False,False,141.3,11.2,3,2,False
68,False,True,243.5,9.0,9,1,False
69,False,False,228.2,10.7,5,3,False
70,False,False,148.5,12.4,3,1,False
71,False,True,190.6,6.0,3,3,False
72,False,False,62.9,8.5,5,1,False
73,False,False,191.1,12.9,1,0,False
74,False,False,213.8,15.6,7,0,False
75,False,False,118.4,13.6,3,5,True
76,False,False,124.3,15.5,5,3,False
77,False,False,215.9,4.9,5,3,False
78,True,False,241.0,9.9,1,1,True
79,True,False,223.4,6.3,6,0,False
80,False,False,205.4,10.3,2,3,False
81,False,True,217.4,6.6,3,0,False
82,False,False,154.0,12.9,1,1,False
83,False,False,126.1,9.8,4,1,False
84,False,True,124.7,7.8,8,1,False
85,False,False,301.7,10.5,6,1,False
86,False,True,276.6,9.8,6,2,False
87,False,False,177.1,5.9,4,1,False
88,False,True,189.8,6.5,2,2,True
89,False,True,197.2,3.9,2,0,False
90,True,False,251.3,9.9,1,3,True
91,False,True,265.1,10.0,3,1,False
92,False,False,241.9,5.9,3,1,False
93,False,True,110.5,13.9,2,4,True
94,False,False,211.2,12.3,3,0,False
95,False,False,303.9,5.8,3,1,True
96,False,False,322.3,6.7,8,0,True
97,False,False,148.2,6.4,4,2,False
98,False,False,145.6,9.2,4,2,False
99,False,False,174.3,12.9,5,3,False
100,False,True,153.6,12.6,3,2,False
101,False,False,139.4,7.7,3,0,False
102,False,False,216.8,11.0,9,0,False
103,False,False,162.8,6.0,3,2,False
104,False,False,201.9,9.0,2,1,False
105,False,False,157.6,9.1,4,1,False
106,False,True,209.5,9.1,6,6,True
107,False,True,198.8,11.5,5,1,False
108,False,False,134.7,11.8,5,2,False
109,True,False,157.0,7.1,6,0,False
110,False,False,108.0,10.4,3,3,False
111,False,False,314.1,12.3,5,3,True
112,True,False,159.9,11.6,2,2,True
113,False,False,133.4,5.9,4,1,False
114,False,False,115.9,7.1,4,1,False
115,False,True,96.8,13.4,4,2,False
116,True,False,166.7,10.1,3,3,False
117,False,True,179.4,10.0,5,0,False
118,False,False,177.1,8.0,6,1,False
119,True,True,198.8,14.4,3,1,True
120,False,False,151.6,4.0,5,1,False
121,False,False,207.9,7.7,2,2,False
122,False,True,195.7,5.3,3,2,False
123,True,False,225.2,9.9,1,0,True
124,True,False,145.3,8.9,4,0,False
125,False,False,166.2,5.4,7,1,False
126,False,False,245.8,9.0,13,1,True
127,True,False,236.3,11.2,8,3,False
128,False,False,220.7,8.7,5,1,False
129,False,False,154.6,15.5,2,1,False
130,False,False,134.9,14.7,2,3,False
131,False,False,161.5,8.6,5,1,False
132,False,True,189.1,11.1,4,1,False
133,False,False,204.0,9.6,5,1,False
134,False,False,195.9,10.3,3,1,False
135,False,False,199.8,5.5,4,1,False
136,False,True,156.7,12.6,6,2,False
137,False,False,230.0,11.3,3,2,False
138,False,True,232.6,4.7,3,3,False
139,False,False,169.2,12.6,3,1,False
140,False,True,96.6,6.2,4,4,True
141,False,False,138.6,9.8,3,1,False
142,False,False,87.0,11.0,5,0,False
143,False,False,173.2,5.4,3,0,False
144,False,False,86.0,8.9,4,1,False
145,False,True,243.4,14.1,8,2,False
146,True,True,237.5,14.2,3,9,True
147,False,True,239.9,6.7,3,5,False
148,False,False,226.3,13.0,3,4,False
149,False,True,214.6,14.8,12,0,False
150,True,True,245.5,10.8,7,1,False
151,False,False,146.3,5.3,9,1,False
152,False,False,173.9,9.1,7,1,False
153,False,True,186.4,11.1,3,2,True
154,False,False,194.3,10.2,2,2,False
155,False,False,183.5,8.3,5,3,False
156,False,False,157.5,9.6,4,3,False
157,False,False,124.3,7.9,9,1,False
158,False,False,250.3,13.3,2,2,True
159,True,False,47.7,13.2,3,0,True
160,False,False,227.8,8.0,5,1,False
161,False,False,179.3,13.5,6,1,True
162,False,True,80.3,12.8,3,2,False
163,False,False,161.4,5.1,2,0,False
164,False,False,215.6,12.4,6,1,False
165,False,False,293.0,10.0,6,2,False
166,False,False,239.8,11.3,5,1,False
167,False,True,169.3,8.2,3,0,False
168,False,False,78.2,18.0,3,1,False
169,False,False,89.7,13.5,11,5,True
170,False,False,207.0,12.1,3,1,False
171,False,False,270.5,9.6,5,1,True
172,False,False,171.6,13.8,4,0,False
173,False,False,207.1,12.4,2,1,False
174,False,False,285.7,14.8,7,0,True
175,False,False,178.3,11.4,4,1,False
176,False,True,281.2,6.4,5,2,False
177,False,False,239.0,13.5,8,1,True
178,False,False,230.1,13.2,4,1,False
179,False,True,105.3,8.6,6,2,False
180,False,False,187.2,13.2,5,1,False
181,False,True,178.1,10.0,6,1,False
182,False,False,179.4,14.7,3,0,False
183,False,False,227.9,12.1,5,1,False
184,False,False,181.6,8.3,6,4,False
185,False,False,154.8,12.8,4,0,False
186,False,True,77.6,10.9,2,1,False
187,False,False,160.8,8.5,3,1,False
188,False,False,184.1,7.5,6,2,False
189,False,False,260.0,9.0,3,1,True
190,False,False,193.7,12.7,3,1,False
191,False,True,180.7,10.1,4,2,False
192,False,False,183.4,7.5,3,4,False
193,True,False,264.3,9.3,5,0,False
194,False,False,206.9,7.7,2,3,False
195,False,True,189.8,7.5,3,1,False
196,False,False,171.7,7.8,6,1,False
197,False,False,152.2,5.3,3,1,False
198,False,False,104.7,8.9,2,1,False
199,False,False,196.1,11.9,1,0,False
200,False,True,247.2,6.1,5,2,True
201,False,False,119.2,12.2,6,4,True
202,False,True,187.7,10.0,4,3,False
203,False,False,81.3,8.9,3,0,False
204,False,False,273.6,8.2,4,1,False
205,False,True,138.1,8.2,2,2,False
206,False,True,210.3,10.8,4,6,False
207,False,False,183.1,7.0,3,1,False
208,False,False,214.9,11.8,2,2,False
209,False,False,234.8,9.9,6,0,False
210,False,False,268.3,6.3,7,1,True
211,False,False,328.1,8.7,3,1,True
212,False,False,147.0,8.4,9,1,False
213,False,False,133.8,8.9,4,0,False
214,False,True,82.3,11.8,2,6,True
215,False,False,166.0,10.9,4,1,False
216,False,False,138.9,10.8,3,1,False
217,False,False,162.3,9.1,4,2,False
218,False,True,236.3,7.2,2,3,False
219,False,False,208.7,8.5,4,0,False
220,False,False,92.2,13.1,6,1,False
221,False,False,310.4,9.2,10,4,False
222,False,True,94.8,11.4,5,1,False
223,False,True,172.9,8.3,6,1,False
224,False,False,334.3,10.4,6,0,True
225,False,False,185.8,6.6,4,1,False
226,False,False,155.9,8.6,8,2,False
227,False,False,201.9,13.7,6,3,False
228,False,False,193.8,10.6,6,1,False
229,True,False,189.6,1.3,6,1,False
230,False,False,211.5,13.3,4,2,False
231,False,True,119.6,5.9,2,2,False
232,False,False,191.9,12.6,2,1,False
233,False,False,151.0,9.7,3,5,True
234,False,True,213.6,8.9,3,1,False
235,False,False,203.3,8.5,6,0,False
236,False,True,94.4,4.5,4,0,False
237,False,False,192.1,7.3,3,3,False
238,False,True,152.8,9.1,2,1,False
239,False,False,222.2,12.9,4,1,False
240,False,False,217.2,15.8,7,3,False
241,False,False,124.3,14.8,1,0,False
242,False,False,250.2,13.0,2,1,True
243,False,True,263.8,8.5,3,3,False
244,False,False,169.9,11.5,2,1,False
245,False,False,227.4,6.3,4,2,False
246,True,False,130.7,9.4,2,2,True
247,False,False,147.9,9.6,9,3,False
248,False,False,102.3,15.7,10,3,False
249,False,False,108.6,7.9,5,1,True
250,False,True,216.0,9.3,4,2,True
251,False,False,209.4,7.4,2,1,True
252,True,False,167.7,13.4,1,3,True
253,False,False,165.9,12.0,5,2,False
254,True,False,251.5,9.3,4,0,False
255,False,True,224.0,8.8,4,1,False
256,False,False,225.1,14.6,2,0,False
257,False,False,247.3,14.7,2,3,False
258,True,True,153.8,9.2,6,1,False
259,False,False,210.3,11.2,7,1,False
260,False,True,182.9,11.5,4,0,False
261,True,False,165.5,11.5,2,1,True
262,False,True,154.4,10.3,5,0,False
263,False,True,183.4,6.7,4,5,False
264,False,False,124.9,11.6,4,2,False
265,False,False,169.5,10.0,3,0,False
266,True,False,255.9,12.1,2,1,True
267,False,False,112.7,6.5,5,1,False
268,False,True,183.3,10.4,15,3,False
269,False,True,163.3,4.3,6,0,False
270,False,False,239.9,9.8,2,0,False
271,False,False,210.4,15.5,4,1,False
272,False,False,126.0,7.6,3,1,False
273,False,False,239.7,8.7,3,2,True
274,False,False,40.4,9.0,2,2,False
275,False,False,201.8,16.5,5,0,False
276,False,False,130.5,13.0,6,0,False
277,False,False,128.2,8.9,3,0,False
278,False,False,156.8,7.6,6,1,False
279,False,True,131.5,10.0,3,2,False
280,False,True,264.7,10.4,7,0,False
281,False,False,187.9,7.5,6,1,False
282,False,True,74.3,14.5,3,2,False
283,False,True,262.8,7.8,2,0,False
284,False,False,277.3,12.8,4,2,True
285,False,False,73.3,8.2,3,4,True
286,False,True,230.6,11.1,2,0,False
287,False,False,126.9,8.0,2,1,False
288,False,False,198.6,10.6,6,2,False
289,False,False,143.9,11.1,2,1,False
290,False,False,125.4,11.4,9,2,False
291,False,False,179.3,12.1,5,1,False
292,False,True,232.4,12.3,3,3,False
293,False,True,92.8,5.8,7,1,False
294,False,False,246.4,3.8,4,0,False
295,False,False,211.3,13.3,6,1,False
296,False,True,221.7,8.0,4,0,False
297,False,False,138.4,3.9,9,4,True
298,False,False,155.3,12.4,4,0,False
299,False,False,212.1,5.3,5,1,True
300,True,True,181.1,16.9,4,0,True
301,False,False,224.9,10.3,3,0,False
302,False,False,186.1,14.6,7,2,False
303,False,True,91.7,7.7,5,1,False
304,False,False,301.5,13.4,2,4,True
305,False,False,61.3,11.4,9,1,False
306,False,True,220.5,5.9,9,2,False
307,False,False,181.4,11.6,6,1,False
308,False,False,230.2,9.2,3,0,False
309,False,True,175.8,7.8,5,2,False
310,False,True,58.8,7.1,3,0,False
311,False,False,233.3,9.1,4,1,False
312,False,False,272.4,12.7,2,0,False
313,False,False,198.4,10.4,6,2,False
314,False,False,128.6,11.4,2,0,False
315,False,True,129.0,11.6,5,1,False
316,False,False,165.3,8.5,3,2,False
317,False,False,167.8,13.0,3,5,False
318,False,True,186.5,12.1,4,2,False
319,False,True,188.0,10.5,3,2,False
320,False,False,213.6,8.8,3,2,False
321,False,True,141.9,8.7,5,0,False
322,False,True,104.9,9.6,9,1,False
323,True,False,120.9,11.4,11,2,False
324,False,False,221.1,8.4,3,4,False
325,False,True,137.8,11.0,6,2,False
326,False,False,154.2,15.4,4,4,True
327,False,False,143.3,10.1,4,1,False
328,False,False,177.4,10.9,4,0,False
329,False,False,136.1,11.3,4,0,False
330,True,True,218.4,13.2,3,0,True
331,False,False,159.5,16.7,2,2,False
332,False,False,151.1,5.3,3,1,False
333,False,False,221.2,11.9,3,4,False
334,False,False,154.5,13.4,3,2,False
335,False,False,152.6,5.0,10,1,False
336,False,False,189.5,13.4,3,1,False
337,False,False,237.2,11.0,3,1,False
338,False,False,205.2,7.0,6,0,False
339,False,False,204.9,10.4,3,5,False
340,False,False,178.4,9.3,9,1,False
341,False,False,158.9,6.5,4,0,False
342,False,False,193.9,13.2,8,3,False
343,False,False,162.0,8.9,8,0,False
344,False,True,213.8,7.2,3,0,False
345,False,False,190.7,9.8,4,3,False
346,False,False,137.0,10.0,5,2,False
347,False,True,165.1,10.9,4,1,False
348,True,True,203.5,13.4,6,1,True
349,False,True,283.1,6.1,8,1,False
350,False,False,141.3,6.4,2,1,False
351,True,False,268.4,9.7,8,2,True
352,False,False,223.0,7.1,12,0,False
353,False,False,208.9,12.8,7,0,False
354,False,False,159.5,6.8,3,2,False
355,False,False,177.6,7.6,3,3,False
356,False,True,88.1,9.7,1,2,False
357,False,False,175.1,9.9,3,1,False
358,False,True,174.7,8.9,2,1,False
359,False,False,167.6,11.7,2,4,False
360,False,True,197.4,12.3,4,3,False
361,False,False,128.7,9.2,4,2,True
362,False,False,135.4,17.5,4,0,False
363,False,False,175.7,9.1,2,2,False
364,False,False,188.8,8.2,7,4,False
365,False,True,238.8,13.2,8,1,False
366,False,False,167.6,13.4,6,2,False
367,False,False,198.5,8.0,7,2,False
368,False,False,168.4,11.8,7,1,False
369,False,False,134.7,7.6,6,3,False
370,False,True,294.9,9.8,5,3,False
371,False,False,180.8,14.1,6,2,False
372,False,True,215.5,8.8,5,2,False
373,False,False,227.2,8.9,4,3,False
374,False,False,148.4,6.9,6,0,False
375,False,True,308.0,7.4,3,1,False
376,False,True,151.4,0.0,0,1,False
377,False,False,176.3,6.2,3,0,False
378,False,False,98.9,12.2,1,1,False
379,False,False,279.5,10.7,4,2,True
380,False,False,133.8,10.5,2,1,False
381,False,False,212.1,8.4,5,3,False
382,False,False,178.5,9.9,7,1,False
383,True,False,169.3,9.4,9,1,False
384,True,False,122.0,10.8,2,2,True
385,False,False,195.0,14.8,9,0,False
386,False,False,207.6,14.1,5,0,False
387,False,False,266.0,14.2,2,2,True
388,False,True,178.7,8.0,4,2,False
389,False,True,119.0,9.5,3,0,False
390,False,False,115.3,18.0,2,1,False
391,False,False,192.8,12.7,6,1,False
392,True,False,250.6,7.8,5,1,False
393,False,False,176.8,7.5,15,1,False
394,False,False,249.8,11.6,4,0,True
395,False,True,274.9,8.8,2,1,False
396,False,False,219.9,11.7,7,1,False
397,True,False,99.6,13.7,6,2,True
398,True,False,148.2,11.0,4,0,False
399,False,True,166.0,10.2,6,1,False
400,False,False,86.8,13.2,3,1,False
401,False,False,153.9,8.5,3,2,False
402,True,False,148.2,8.6,3,2,False
403,False,True,184.5,12.3,6,0,False
404,False,False,131.6,15.5,3,1,True
405,False,True,121.0,7.7,4,2,False
406,False,True,186.9,8.9,2,1,False
407,False,False,169.4,10.7,4,1,False
408,False,True,60.0,11.1,3,0,False
409,True,True,174.5,12.3,10,2,False
410,False,False,350.8,10.1,9,1,True
411,False,True,232.8,13.0,2,0,False
412,False,True,196.6,6.6,5,1,False
413,False,False,236.2,10.1,6,2,True
414,True,False,192.9,10.9,4,1,False
415,False,False,59.5,11.1,6,0,False
416,False,False,213.9,9.8,14,2,False
417,False,True,145.7,11.3,7,0,False
418,False,True,182.8,11.0,2,1,False
419,False,False,219.2,6.1,5,0,False
420,False,False,201.3,7.5,4,1,False
421,False,False,143.2,8.8,7,4,True
422,False,False,196.1,5.2,6,2,False
423,False,False,116.4,10.5,3,3,False
424,False,True,209.2,16.5,4,2,False
425,False,False,241.1,11.6,10,1,False
426,False,False,136.1,11.3,4,1,False
427,True,True,267.9,8.3,2,1,True
428,False,False,175.5,17.8,3,4,False
429,False,True,153.4,12.8,4,4,True
430,False,False,216.0,4.9,10,2,False
431,False,True,197.4,13.2,2,0,False
432,False,True,215.4,7.8,6,1,False
433,False,False,225.0,7.1,2,3,False
434,False,False,153.5,8.5,6,1,False
435,False,False,187.0,7.4,5,2,False
436,False,True,231.8,7.6,4,1,False
437,False,False,242.5,9.3,2,2,False
438,False,True,146.5,4.1,4,1,False
439,False,False,0.0,7.2,4,1,False
440,False,False,162.3,14.8,1,4,True
441,False,False,152.1,12.0,7,1,False
442,False,False,212.3,7.7,3,0,False
443,False,True,160.3,7.4,3,0,False
444,True,False,180.9,7.4,4,2,False
445,False,False,284.4,8.4,8,0,True
446,False,False,259.8,5.4,1,0,False
447,False,True,191.4,7.2,2,1,False
448,False,False,215.5,8.6,6,1,False
449,False,False,173.5,16.2,10,3,False
450,True,False,256.8,9.1,10,3,False
451,False,False,86.3,12.5,1,2,False
452,False,False,242.2,6.2,6,3,False
453,False,False,275.8,7.4,5,2,True
454,False,False,203.4,9.2,5,2,False
455,False,False,146.3,8.0,12,1,False
456,False,True,229.6,9.5,8,2,False
457,False,False,281.3,8.7,3,0,True
458,False,False,190.9,7.8,3,2,False
459,False,True,128.1,15.6,3,0,False
460,False,False,99.4,16.7,3,2,False
461,False,True,186.2,9.6,3,2,False
462,False,False,206.2,12.6,7,3,False
463,False,False,94.1,10.1,2,0,False
464,False,False,205.2,14.4,12,0,False
465,False,True,185.4,8.0,3,4,False
466,False,False,203.4,11.0,4,1,False
467,False,True,141.3,7.8,2,1,False
468,False,False,151.0,9.2,2,2,False
469,True,True,146.8,4.3,2,1,True
470,False,False,116.1,11.6,5,0,False
471,False,True,180.5,2.4,3,0,False
472,False,False,189.3,9.9,3,3,False
473,False,False,295.3,9.6,6,1,False
474,False,False,175.4,10.6,1,0,False
475,False,True,153.1,10.0,1,6,True
476,False,False,278.5,11.6,5,1,True
477,False,False,212.0,8.9,7,3,False
478,False,True,134.2,8.2,5,1,False
479,False,False,185.0,11.4,3,2,False
480,False,False,205.3,7.8,4,1,False
481,False,True,283.1,11.3,3,3,False
482,False,False,294.9,13.2,5,1,True
483,False,False,170.5,11.2,7,2,False
484,False,False,236.6,8.9,2,1,False
485,False,True,127.1,7.1,3,1,False
486,False,False,146.5,8.2,5,0,False
487,False,True,165.3,7.6,7,3,False
488,False,False,83.6,10.7,9,0,False
489,False,True,183.2,11.2,8,1,False
490,False,False,175.7,9.2,3,5,True
491,False,False,245.7,4.2,5,4,True
492,True,False,239.7,11.4,1,1,True
493,False,False,287.1,14.4,2,3,True
494,False,False,194.1,15.3,4,1,False
495,False,False,261.4,11.6,2,1,False
496,False,False,89.7,9.5,4,2,False
497,False,False,209.8,9.9,9,4,False
498,False,True,194.4,17.2,9,2,False
499,False,True,276.7,8.3,3,0,False
500,False,False,146.7,8.9,1,3,False
501,False,True,251.4,7.5,5,1,False
502,False,True,207.3,5.9,3,1,False
503,False,False,142.9,6.6,4,0,False
504,False,True,68.7,11.4,4,1,False
505,True,False,115.0,6.4,1,0,True
506,False,False,207.3,8.6,4,1,False
507,False,False,100.0,10.1,4,0,False
508,False,False,153.7,10.7,2,0,False
509,False,True,175.9,7.3,5,2,False
510,False,True,220.1,13.1,8,0,False
511,False,False,191.4,10.3,3,1,False
512,False,False,261.7,6.0,3,3,True
513,False,False,149.4,14.9,3,1,False
514,False,False,39.5,10.0,6,0,False
515,False,False,226.2,6.4,2,0,False
516,False,True,240.4,11.2,3,1,False
517,False,True,154.0,8.2,4,3,False
518,False,False,155.2,3.8,9,3,False
519,False,False,196.8,12.7,7,2,False
520,False,True,249.4,9.9,2,4,False
521,False,False,226.9,11.6,2,0,True
522,False,False,137.5,13.3,5,2,False
523,True,False,244.6,11.3,4,1,False
524,False,True,183.9,15.0,3,1,False
525,False,True,128.5,6.8,6,1,False
526,False,False,237.9,13.9,4,1,True
527,False,False,205.0,7.5,4,2,False
528,False,True,170.9,4.1,5,2,False
529,False,False,184.6,7.8,1,1,False
530,True,True,126.8,8.4,4,0,False
531,False,False,195.0,11.0,13,0,False
532,False,False,133.3,11.3,5,5,True
533,False,False,194.0,11.9,5,0,False
534,False,False,239.3,10.6,6,0,False
535,False,True,225.8,8.4,9,4,False
536,True,True,258.6,11.2,5,0,False
537,False,False,133.9,15.4,3,1,False
538,False,False,132.4,8.6,2,1,False
539,False,False,81.6,8.6,18,1,False
540,False,False,166.0,6.3,7,0,False
541,False,False,204.6,9.8,7,2,False
542,False,True,128.8,10.3,2,2,False
543,True,False,233.8,12.8,3,0,False
544,False,True,141.2,11.4,2,1,False
545,False,False,195.6,14.2,4,1,False
546,False,False,245.8,11.2,7,0,False
547,True,True,220.2,4.1,2,0,True
548,False,True,154.0,10.8,5,1,False
549,False,False,178.4,12.0,2,0,False
550,False,False,145.1,7.9,5,2,False
551,False,False,148.7,12.7,6,2,False
552,False,False,249.9,8.9,6,2,True
553,True,False,176.2,5.7,4,0,False
554,False,False,157.6,11.9,1,0,False
555,False,False,84.7,14.5,8,1,False
556,False,False,97.5,13.2,4,3,False
557,False,False,187.1,11.0,3,1,False
558,False,True,214.7,14.3,2,0,False
559,False,False,156.9,11.3,5,3,False
560,False,False,208.9,13.0,5,1,False
561,False,False,181.5,10.3,2,1,False
562,False,False,200.3,7.1,1,4,False
563,False,True,117.9,9.8,3,1,False
564,False,False,265.6,11.1,6,2,True
565,False,False,175.4,12.2,4,0,False
566,True,False,146.3,11.5,5,1,False
567,False,False,178.8,7.5,3,1,False
568,False,True,198.0,7.6,4,1,False
569,False,False,290.4,10.1,5,3,True
570,True,False,180.7,12.0,6,2,False
571,False,False,145.6,10.9,5,1,False
572,False,False,223.2,12.4,2,1,False
573,False,True,161.6,13.7,3,1,False
574,True,True,221.1,15.4,4,2,True
575,False,True,175.7,14.1,7,1,False
576,False,True,80.3,16.6,3,0,False
577,False,False,203.4,7.3,4,1,False
578,False,True,179.2,14.7,5,1,False
579,False,False,234.5,6.1,4,1,False
580,False,False,241.2,10.6,4,0,False
581,False,False,265.2,10.7,9,2,False
582,False,False,287.1,13.9,1,2,True
583,False,False,244.7,6.6,1,1,False
584,True,False,62.3,10.8,3,1,False
585,False,True,185.4,14.5,4,2,False
586,False,True,71.2,11.7,3,0,False
587,True,False,255.8,11.7,3,0,False
588,False,False,150.9,11.7,5,3,False
589,False,False,117.1,11.1,4,3,False
590,False,False,196.5,4.0,7,0,False
591,False,False,156.4,11.8,3,1,False
592,False,True,143.5,11.2,5,0,False
593,False,False,119.3,8.7,4,2,False
594,False,False,152.1,9.8,5,0,False
595,False,False,209.6,7.6,2,3,False
596,False,False,112.8,16.3,6,0,False
597,True,False,125.8,14.1,4,1,True
598,False,True,192.6,6.8,5,3,False
599,False,False,192.6,9.4,4,1,False
600,False,False,206.2,13.6,2,1,False
601,False,False,189.5,9.2,7,0,False
602,False,False,154.5,13.7,3,1,False
603,False,False,198.8,9.9,3,2,False
604,False,False,125.5,8.9,8,1,False
605,False,False,226.3,8.2,3,2,True
606,False,True,233.2,16.1,4,0,False
607,False,False,138.3,9.6,4,3,False
608,False,True,183.3,5.1,7,1,False
609,False,False,119.7,4.6,2,2,False
610,False,False,235.5,12.5,5,0,False
611,True,False,200.6,11.2,5,2,False
612,False,False,195.1,11.4,5,0,False
613,False,True,209.7,7.1,3,2,False
614,False,False,149.7,12.6,4,3,False
615,False,False,147.1,12.5,9,3,False
616,False,False,190.0,9.5,4,1,False
617,False,False,160.6,10.7,1,1,False
618,False,False,197.8,8.9,5,1,False
619,False,False,281.0,0.0,0,1,False
620,False,False,115.4,13.1,5,2,False
621,False,False,143.7,5.8,6,1,False
622,False,True,142.3,6.6,8,1,False
623,False,True,144.5,12.0,7,2,False
624,False,False,157.1,8.5,5,4,True
625,False,False,191.1,12.0,4,2,False
626,False,False,198.3,16.6,4,2,False
627,False,True,214.6,8.1,2,1,False
628,True,True,129.3,9.6,7,1,False
629,False,False,229.4,10.4,6,4,False
630,False,False,101.2,7.5,3,2,False
631,False,False,235.5,11.5,4,2,False
632,False,False,234.2,9.8,6,0,True
633,False,True,143.4,9.4,4,3,False
634,False,True,136.8,12.5,3,2,False
635,False,False,258.4,9.7,8,4,False
636,False,False,99.5,9.7,3,0,False
637,False,False,58.2,10.4,5,0,False
638,False,False,175.6,10.2,6,1,False
639,False,False,190.2,9.8,6,2,False
640,False,True,283.9,10.0,4,1,False
641,False,True,236.3,9.7,6,1,False
642,False,False,87.7,10.5,10,1,False
643,False,False,268.1,14.4,6,2,False
644,False,False,179.9,9.8,7,2,False
645,False,False,149.3,7.9,4,7,True
646,False,False,254.7,10.6,8,0,False
647,False,False,153.8,11.6,2,4,False
648,False,True,177.3,9.3,7,3,False
649,False,False,175.2,5.3,3,1,False
650,False,True,100.1,5.9,3,0,False
651,False,True,141.4,7.7,6,1,False
652,False,True,193.3,11.1,4,0,False
653,False,False,206.9,8.3,2,3,False
654,False,False,112.0,4.1,4,4,True
655,False,False,196.3,7.7,3,2,False
656,False,True,90.0,8.6,6,2,True
657,False,False,251.6,5.4,5,1,False
658,False,False,147.0,10.5,4,1,False
659,False,False,76.4,9.4,3,3,False
660,False,False,138.9,9.2,3,2,False
661,False,False,194.8,10.8,6,1,False
662,False,False,203.0,14.6,9,1,False
663,False,False,241.2,8.5,4,2,False
664,False,False,169.6,7.4,8,1,False
665,True,True,184.2,10.0,10,0,False
666,False,True,222.9,10.8,4,0,False
667,False,False,228.9,12.5,2,0,False
668,False,False,224.3,10.0,1,2,False
669,False,False,187.6,8.7,6,2,False
670,True,False,197.2,8.3,4,4,False
671,False,False,131.1,4.3,4,1,False
672,False,False,183.6,12.2,6,3,False
673,False,True,247.6,10.8,6,2,False
674,True,False,143.7,10.9,3,0,False
675,True,False,236.2,13.2,2,2,True
676,False,True,195.9,8.6,4,0,False
677,False,True,261.2,12.7,5,2,False
678,False,False,187.3,15.1,2,1,False
679,False,True,251.5,10.4,6,3,False
680,False,True,105.0,10.2,2,2,True
681,False,False,135.4,10.6,2,1,False
682,False,False,272.5,16.4,5,3,True
683,False,False,170.5,10.5,2,2,False
684,False,True,270.8,11.8,8,4,False
685,False,True,178.1,13.0,4,0,False
686,True,True,220.1,10.1,4,4,False
687,True,False,162.8,13.6,3,0,True
688,False,True,190.3,10.6,4,1,False
689,False,False,114.3,10.9,9,0,False
690,False,True,219.6,13.8,8,2,False
691,False,False,207.0,13.4,5,3,False
692,False,True,200.2,11.6,4,3,False
693,False,False,204.7,11.0,4,6,False
694,False,False,51.1,12.3,3,1,False
695,True,True,260.8,17.0,6,1,True
696,False,False,162.1,12.2,5,1,False
697,False,False,185.4,10.0,11,2,False
698,False,False,91.9,13.0,7,2,False
699,False,True,217.1,8.0,5,2,False
700,False,False,160.0,9.1,4,0,False
701,False,False,141.1,8.0,7,2,False
702,False,True,213.7,10.7,5,2,False
703,False,False,111.4,5.5,6,3,False
704,False,True,191.7,11.1,4,1,False
705,False,False,102.8,10.0,5,1,False
706,True,True,217.2,9.3,3,0,False
707,False,True,241.7,9.4,4,1,False
708,False,True,183.8,11.6,7,0,False
709,False,False,170.5,12.2,6,1,False
710,False,True,274.7,10.8,3,3,False
711,False,False,214.8,9.4,5,3,False
712,False,False,143.4,9.7,6,2,False
713,False,True,211.9,8.8,5,1,False
714,False,False,138.5,11.1,7,1,False
715,False,True,197.9,10.1,9,0,False
716,False,True,97.4,11.4,2,2,False
717,True,False,219.1,10.1,4,2,False
718,True,False,140.0,9.7,4,4,True
719,False,True,235.6,7.7,2,1,False
720,False,False,214.7,9.4,4,2,False
721,False,False,170.5,11.2,6,0,False
722,True,False,257.1,8.8,6,1,True
723,False,False,144.0,12.3,2,0,False
724,False,False,146.3,13.1,3,1,False
725,False,False,245.0,9.7,6,1,False
726,False,False,199.2,13.3,3,3,False
727,False,False,177.3,5.1,2,0,False
728,False,True,146.1,6.2,3,1,False
729,False,False,85.9,15.6,16,0,False
730,False,False,263.4,10.3,2,0,False
731,False,False,92.6,11.3,3,5,True
732,False,False,235.2,11.8,4,1,False
733,False,True,123.7,8.8,4,1,True
734,False,False,179.3,11.5,6,3,False
735,True,True,219.9,8.1,4,3,False
736,False,False,171.2,10.2,7,1,False
737,False,False,179.2,5.8,7,2,False
738,True,False,225.3,17.3,9,1,True
739,False,False,203.7,7.6,5,2,False
740,False,False,266.1,8.9,8,3,True
741,False,False,18.9,14.8,4,1,False
742,False,True,171.5,7.1,3,0,False
743,False,False,197.2,11.0,5,2,False
744,False,True,230.7,13.5,2,3,False
745,False,True,174.5,10.3,9,1,False
746,False,True,214.2,9.5,4,3,False
747,False,False,183.8,6.1,2,1,False
748,False,True,138.3,8.3,8,0,False
749,False,True,110.3,11.0,8,2,False
750,False,True,82.5,4.8,4,3,False
751,False,False,147.2,13.3,3,2,False
752,False,False,181.4,11.3,3,3,False
753,False,False,75.0,9.5,6,3,False
754,False,True,154.6,13.3,3,1,False
755,False,False,197.1,7.4,4,3,False
756,False,True,114.1,13.0,9,2,False
757,False,False,151.6,14.7,4,1,False
758,True,True,162.3,11.7,2,3,True
759,False,True,171.2,10.2,4,1,False
760,False,False,260.4,10.0,2,6,False
761,False,False,184.8,18.4,3,2,False
762,False,False,124.4,11.3,6,0,False
763,False,False,110.4,7.7,6,2,False
764,False,True,166.9,11.5,1,1,False
765,False,False,157.4,8.8,3,3,False
766,False,False,224.6,12.5,8,2,False
767,False,False,240.8,11.6,1,0,False
768,True,False,208.8,12.4,6,3,False
769,False,True,156.6,13.4,10,1,False
770,False,False,193.0,15.3,3,1,False
771,False,True,157.4,13.9,11,4,True
772,False,True,232.9,10.7,6,1,False
773,False,True,143.1,11.4,5,2,False
774,False,False,109.1,10.9,5,2,False
775,False,False,190.0,6.3,6,0,False
776,False,False,207.7,9.6,5,0,False
777,False,False,159.6,8.8,3,0,False
778,False,False,154.1,9.8,4,2,False
779,False,True,231.0,8.3,5,2,False
780,False,False,163.0,15.1,4,2,False
781,False,False,174.7,10.5,8,5,False
782,False,False,228.7,11.8,3,1,False
783,False,False,202.0,10.9,3,1,False
784,False,False,240.0,7.1,9,1,False
785,True,True,142.0,11.3,5,1,False
786,False,False,34.0,11.5,3,0,False
787,False,False,169.6,11.2,4,0,False
788,False,True,161.7,9.2,4,0,False
789,False,False,232.1,0.0,0,3,False
790,False,False,305.1,8.5,5,0,True
791,False,False,105.4,7.8,5,0,False
792,False,False,204.4,10.0,4,0,False
793,False,False,160.2,9.3,5,2,False
794,False,False,197.3,6.7,6,1,False
795,False,False,121.5,10.7,4,1,False
796,False,False,104.9,8.0,5,2,False
797,False,False,195.6,16.0,2,0,False
798,False,False,142.4,11.1,7,1,False
799,False,False,166.1,12.7,2,1,False
800,False,False,159.1,11.5,6,2,False
801,False,False,178.7,8.4,4,1,False
802,False,True,165.0,7.7,4,2,False
803,True,False,133.7,10.7,2,1,True
804,False,False,274.0,6.2,1,0,True
805,False,False,143.1,7.1,5,2,False
806,False,False,153.3,8.9,5,2,False
807,True,False,216.0,3.6,7,2,False
808,False,False,195.3,12.5,4,3,False
809,True,True,237.1,7.9,3,1,False
810,False,False,221.1,10.6,3,0,False
811,False,True,230.7,6.4,3,1,False
812,True,False,194.4,11.2,7,2,False
813,False,False,52.2,11.4,2,2,False
814,False,True,248.6,12.0,1,1,False
815,False,False,217.8,11.3,7,0,False
816,False,False,109.4,7.1,7,0,False
817,False,False,218.0,6.4,8,3,False
818,False,False,241.8,11.8,7,3,False
819,True,False,216.2,16.9,2,5,True
820,False,False,139.5,13.1,8,0,False
821,False,False,189.7,8.3,3,5,False
822,False,False,159.7,8.4,3,1,False
823,False,False,282.5,9.4,4,1,True
824,False,False,210.2,13.1,7,1,False
825,True,False,110.0,6.4,7,0,False
826,False,False,174.0,9.7,2,0,False
827,False,False,185.7,16.9,6,0,False
828,True,True,136.8,10.3,9,5,True
829,False,False,142.2,10.1,5,1,False
830,False,True,230.1,6.9,3,2,False
831,False,False,143.3,6.0,7,1,False
832,False,True,220.0,14.7,6,3,False
833,False,False,109.1,10.0,4,3,False
834,False,False,198.1,9.3,3,3,False
835,False,False,233.7,12.0,2,2,False
836,False,False,151.0,9.9,7,0,False
837,False,False,143.6,10.8,5,3,False
838,False,False,98.8,10.0,4,3,False
839,False,False,184.5,8.7,4,1,False
840,False,False,180.2,8.4,3,1,False
841,False,False,105.9,12.7,7,0,False
842,False,False,58.2,11.9,1,5,True
843,False,False,166.6,7.7,6,1,False
844,False,False,82.6,9.1,4,1,False
845,False,True,221.8,14.0,7,0,False
846,False,False,187.4,12.6,8,1,False
847,False,False,196.6,12.5,3,1,False
848,False,False,221.0,6.8,3,4,False
849,False,False,122.4,12.5,7,1,False
850,False,False,87.6,9.2,5,1,False
851,False,True,225.4,12.9,3,1,False
852,True,True,234.5,11.4,4,2,False
853,False,False,153.2,10.7,8,1,False
854,False,True,201.9,13.7,5,0,False
855,False,False,203.4,8.9,4,0,True
856,True,False,197.2,9.9,6,4,False
857,False,False,129.9,13.3,3,0,False
858,True,False,115.1,13.8,3,2,True
859,True,False,186.0,12.9,4,1,False
860,False,False,239.9,8.9,4,2,True
861,False,False,203.4,13.7,3,2,False
862,True,False,145.0,16.7,3,2,True
863,True,True,265.9,14.0,12,0,True
864,False,True,116.0,12.0,2,1,False
865,False,False,144.2,9.5,4,0,False
866,True,False,298.4,12.2,2,0,True
867,False,False,117.3,12.2,3,1,False
868,True,False,235.1,7.2,2,4,True
869,False,False,216.2,10.2,3,0,False
870,True,False,190.6,13.0,6,1,False
871,False,False,322.3,7.8,5,2,True
872,False,False,140.0,12.5,1,2,False
873,False,False,169.9,8.5,7,1,False
874,False,True,113.9,11.8,9,1,False
875,True,False,345.3,11.8,8,1,True
876,False,False,90.7,5.6,5,2,False
877,False,False,199.3,15.2,2,0,False
878,False,False,132.0,8.7,10,1,False
879,False,False,200.2,6.0,6,2,False
880,False,False,267.1,17.3,4,1,True
881,True,False,198.4,10.5,5,1,False
882,False,False,137.2,14.3,4,1,False
883,False,False,198.2,5.1,5,1,False
884,False,False,187.8,11.0,4,2,False
885,False,True,145.8,9.9,2,1,False
886,False,False,146.4,7.8,2,1,False
887,False,False,173.4,11.5,4,1,False
888,True,True,171.2,10.8,3,1,False
889,False,True,133.3,13.5,2,1,False
890,False,True,256.7,11.4,3,3,False
891,False,False,98.4,14.2,4,1,False
892,False,False,117.1,9.0,2,0,False
893,False,False,191.9,13.4,4,4,True
894,False,False,200.4,10.0,2,1,False
895,False,True,191.3,17.6,5,2,False
896,False,False,213.5,14.1,3,3,False
897,False,True,182.1,10.6,5,2,False
898,False,False,75.3,12.3,1,1,False
899,False,True,231.9,12.3,3,2,False
900,False,False,168.8,10.9,2,0,False
901,False,False,220.4,13.6,8,2,False
902,False,True,135.9,9.5,7,6,False
903,False,True,190.0,12.2,2,1,False
904,False,False,202.4,10.2,2,3,False
905,False,False,189.7,7.4,4,0,False
906,False,True,237.2,10.7,4,1,False
907,False,True,207.2,9.5,5,2,False
908,False,False,235.8,7.3,1,2,False
909,False,True,147.5,15.6,3,2,False
910,False,False,190.2,15.0,4,6,False
911,False,False,112.8,9.0,3,2,False
912,True,True,225.0,9.1,3,1,False
913,True,False,145.0,11.0,2,4,True
914,False,True,135.9,11.5,3,4,True
915,False,False,208.7,8.0,3,2,False
916,False,False,133.4,10.2,13,1,False
917,False,False,213.4,5.7,4,1,False
918,False,True,93.6,17.5,5,1,False
919,False,False,138.7,10.0,3,0,False
920,False,False,234.9,13.9,2,1,True
921,False,False,246.4,7.6,7,1,False
922,False,False,262.3,6.6,5,3,False
923,False,False,170.4,11.2,3,0,True
924,False,False,72.8,11.8,2,2,False
925,False,True,170.4,15.1,5,0,False
926,False,True,214.7,8.6,4,1,False
927,False,False,124.1,6.7,8,3,False
928,False,False,205.7,6.7,18,1,False
929,False,True,25.9,6.5,7,1,False
930,False,False,132.0,13.5,4,0,False
931,False,False,203.4,13.8,2,1,False
932,False,False,222.4,11.2,4,0,False
933,False,False,207.0,2.6,6,1,False
934,False,False,136.2,9.6,5,0,False
935,True,False,158.4,2.1,4,1,False
936,True,True,203.9,10.5,6,3,False
937,False,True,153.7,15.9,5,1,False
938,False,True,186.7,16.5,4,1,False
939,False,False,166.5,9.9,5,1,False
940,False,False,54.0,10.2,8,1,False
941,False,False,84.9,7.5,5,2,False
942,False,False,116.8,14.1,2,1,False
943,False,False,209.4,11.3,3,2,False
944,False,False,241.9,11.7,6,0,False
945,False,False,146.7,11.1,4,2,False
946,False,True,196.4,13.8,4,1,False
947,False,False,200.0,11.4,2,3,False
948,False,False,172.0,10.1,9,1,False
949,True,False,103.5,8.4,4,2,False
950,False,False,194.2,5.5,2,2,False
951,False,False,212.4,9.0,4,1,False
952,False,True,193.4,11.4,3,5,False
953,True,True,159.3,11.9,5,1,False
954,False,False,144.8,13.8,3,1,False
955,True,False,273.3,12.0,7,1,True
956,False,False,226.5,9.4,4,3,False
957,False,True,169.8,10.9,4,1,False
958,True,False,198.7,12.4,4,0,False
959,False,False,194.6,3.8,2,3,False
960,False,False,158.6,6.9,5,2,False
961,False,True,143.2,11.6,1,1,False
962,False,False,131.2,8.2,6,2,False
963,False,False,260.1,10.0,2,1,True
964,False,False,202.1,11.5,3,2,False
965,False,True,193.0,10.3,8,2,False
966,False,True,122.9,9.6,2,2,False
967,False,False,149.0,8.3,3,0,False
968,True,False,54.2,8.6,2,1,True
969,False,True,197.6,15.6,12,2,False
970,False,True,132.0,11.6,5,1,False
971,False,False,162.3,10.1,3,2,False
972,False,False,247.5,10.2,2,2,True
973,False,False,124.2,13.1,8,2,False
974,False,False,183.2,9.9,5,2,False
975,False,True,29.9,8.6,6,2,False
976,False,False,149.3,9.1,4,0,False
977,False,True,155.2,9.7,4,3,False
978,False,False,329.8,10.6,6,0,True
979,False,True,172.7,9.8,3,1,False
980,False,False,71.2,8.6,4,0,False
981,False,True,224.9,12.1,2,0,False
982,False,False,187.4,12.2,6,1,False
983,False,False,81.9,8.9,1,2,True
984,False,True,179.9,12.8,7,3,False
985,False,True,194.6,13.1,2,2,False
986,False,False,154.0,10.1,7,1,False
987,False,False,204.2,9.5,5,1,False
988,False,False,100.8,9.5,2,0,False
989,False,False,168.6,12.3,4,1,False
990,False,False,202.7,12.1,7,0,False
991,False,True,280.2,13.3,3,4,False
992,False,True,231.7,12.1,2,0,False
993,False,True,253.1,11.9,4,3,False
994,False,True,151.1,10.0,3,1,False
995,False,True,125.2,12.9,3,1,False
996,True,True,173.0,12.2,4,0,False
997,False,False,203.1,12.0,3,3,False
998,False,False,146.4,7.8,5,1,False
999,False,False,190.7,8.1,3,3,False
1000,False,False,221.1,7.4,3,1,False
1001,False,False,146.7,13.7,3,1,False
1002,False,False,326.3,7.5,1,1,True
1003,False,False,201.9,7.8,10,1,False
1004,False,False,172.5,10.9,2,0,False
1005,False,False,220.6,6.8,3,1,False
1006,False,False,98.0,10.5,4,0,False
1007,False,True,183.1,11.3,7,1,False
1008,True,False,106.1,12.9,3,0,False
1009,False,True,322.4,6.7,3,1,True
1010,False,False,94.9,14.2,2,2,False
1011,False,False,200.9,8.9,7,1,False
1012,False,False,192.6,10.8,3,1,False
1013,False,True,225.5,9.8,2,0,False
1014,False,False,124.3,7.5,5,3,False
1015,True,True,130.1,13.6,5,3,True
1016,False,False,289.1,12.7,2,2,True
1017,False,False,191.3,12.8,4,1,False
1018,False,False,160.9,12.9,12,1,False
1019,False,False,147.2,10.2,4,1,False
1020,False,True,204.6,6.6,2,3,False
1021,True,False,151.8,12.2,4,1,False
1022,False,False,132.4,6.0,1,2,False
1023,True,False,249.9,15.3,6,1,True
1024,False,False,215.5,6.6,9,4,False
1025,False,True,163.6,13.1,3,3,False
1026,False,True,219.1,14.3,6,1,False
1027,False,False,155.5,9.1,2,1,False
1028,False,False,168.6,5.9,2,3,False
1029,False,False,193.6,12.9,3,0,False
1030,False,False,134.4,9.4,3,1,False
1031,False,False,206.5,12.4,5,5,False
1032,False,False,144.1,13.6,3,1,False
1033,False,False,198.3,12.5,3,0,False
1034,False,False,154.3,10.9,8,0,False
1035,False,False,169.1,9.9,10,3,False
1036,False,False,101.1,10.3,5,2,False
1037,False,False,197.0,16.1,8,0,False
1038,False,False,101.0,13.3,2,0,False
1039,False,False,326.5,10.7,6,2,True
1040,False,False,197.9,11.2,2,2,False
1041,False,False,207.7,6.8,3,1,False
1042,False,False,180.6,10.3,4,1,True
1043,False,True,209.8,7.0,7,1,False
1044,False,True,197.3,10.1,4,2,True
1045,False,False,251.9,8.4,3,2,False
1046,False,False,218.6,9.2,5,2,False
1047,False,False,167.3,6.7,5,2,False
1048,False,False,227.1,4.7,4,5,True
1049,False,True,213.0,9.5,3,0,False
1050,False,False,145.6,11.4,7,1,False
1051,False,False,288.8,9.5,2,0,True
1052,False,False,155.2,8.7,4,1,False
1053,False,False,244.1,7.2,2,0,False
1054,False,True,209.6,10.6,3,2,False
1055,False,True,171.6,10.8,7,0,False
1056,False,False,109.4,7.8,7,1,False
1057,False,False,180.5,10.6,3,0,False
1058,False,True,148.1,6.2,5,2,False
1059,False,False,109.4,11.6,5,0,False
1060,False,False,201.1,13.2,2,1,False
1061,False,True,126.3,10.6,2,1,False
1062,False,False,158.8,10.3,3,1,False
1063,False,False,162.6,14.2,3,1,False
1064,False,False,172.1,11.6,6,1,False
1065,False,False,179.1,10.2,10,1,False
1066,False,False,127.7,10.6,7,1,False
1067,True,False,78.2,10.1,6,2,False
1068,False,False,158.8,7.6,7,1,False
1069,False,True,82.6,9.5,1,3,False
1070,False,True,176.0,14.7,7,1,False
1071,False,False,252.9,9.5,7,3,False
1072,False,False,254.4,6.0,5,1,False
1073,False,False,193.7,10.8,5,1,False
1074,False,False,193.3,9.4,6,3,False
1075,True,False,46.5,9.6,4,4,True
1076,False,True,268.4,10.3,3,0,False
1077,False,False,151.7,10.5,6,0,False
1078,False,False,296.4,11.4,3,4,True
1079,False,False,123.2,12.9,5,4,True
1080,False,False,239.9,9.3,5,1,False
1081,False,False,169.8,11.6,4,1,False
1082,False,True,168.3,6.7,2,4,False
1083,False,False,187.0,10.0,8,2,False
1084,False,True,244.3,10.6,6,0,False
1085,False,False,175.5,10.2,3,1,False
1086,False,True,140.1,3.8,10,1,False
1087,False,True,118.5,13.4,3,2,False
1088,False,True,218.5,7.3,4,1,False
1089,False,False,178.3,14.6,5,0,False
1090,False,False,197.7,13.5,3,1,False
1091,False,False,206.9,10.7,3,0,False
1092,False,False,255.3,3.7,5,3,False
1093,False,True,166.2,11.2,2,3,False
1094,False,True,283.4,14.4,7,2,False
1095,False,False,35.1,12.7,2,1,False
1096,True,False,160.1,9.2,3,2,False
1097,False,True,289.5,9.5,4,1,False
1098,False,False,149.2,11.1,5,1,False
1099,False,True,189.3,12.5,4,2,False
1100,False,False,231.0,9.5,3,1,False
1101,False,True,182.0,9.8,4,1,False
1102,False,False,166.4,10.0,2,1,False
1103,False,True,187.5,10.5,5,3,False
1104,False,False,128.7,12.8,6,1,False
1105,False,False,180.0,7.8,8,3,False
1106,False,False,174.9,8.5,5,1,False
1107,False,True,206.7,10.9,3,1,False
1108,False,False,170.6,6.1,1,1,False
1109,False,False,184.5,8.8,3,2,False
1110,False,True,168.4,8.5,7,0,False
1111,True,False,219.4,12.0,4,4,False
1112,False,False,190.5,13.1,5,1,False
1113,True,False,131.4,11.1,2,1,True
1114,False,True,200.3,10.5,4,0,False
1115,False,False,192.2,9.4,6,1,False
1116,False,True,209.2,9.5,3,0,False
1117,False,True,137.1,11.5,7,2,False
1118,False,False,70.7,9.1,3,4,True
1119,False,False,130.0,8.3,4,0,False
1120,False,True,214.9,8.2,5,0,False
1121,False,False,179.7,7.6,3,1,False
1122,False,False,194.2,9.7,3,2,False
1123,False,False,170.7,13.3,4,1,False
1124,False,True,240.8,7.1,3,2,False
1125,False,False,226.7,10.2,1,0,False
1126,False,True,157.3,9.6,6,0,False
1127,False,False,129.9,14.3,3,1,False
1128,False,False,91.7,9.2,4,2,False
1129,False,False,245.3,8.5,4,4,False
1130,False,True,133.2,11.0,3,1,False
1131,False,False,122.5,8.0,3,2,False
1132,True,False,180.4,8.4,5,0,False
1133,False,False,128.8,11.2,2,1,False
1134,False,False,190.4,10.0,1,2,False
1135,False,False,78.6,7.4,5,1,True
1136,False,False,215.7,7.1,1,3,False
1137,False,False,259.3,12.0,5,3,False
1138,False,True,160.1,10.8,9,0,False
1139,False,True,194.3,7.1,5,1,False
1140,False,False,172.8,7.9,3,4,True
1141,False,False,261.2,9.8,2,0,True
1142,False,False,145.6,10.5,4,0,False
1143,False,False,222.4,12.0,8,2,False
1144,False,False,159.5,7.2,4,2,False
1145,True,False,68.5,12.1,9,0,False
1146,False,False,167.1,9.4,1,6,True
1147,False,False,182.3,9.3,3,1,False
1148,False,False,166.6,8.2,6,7,False
1149,False,False,74.5,9.8,7,3,False
1150,False,False,211.7,7.4,7,0,False
1151,False,False,224.4,13.0,2,1,False
1152,True,False,196.2,15.2,1,0,True
1153,True,False,190.5,9.7,2,2,True
1154,False,False,166.3,10.0,3,2,False
1155,False,False,145.0,14.6,2,1,False
1156,False,False,263.4,11.4,5,1,True
1157,False,False,189.0,17.1,6,0,False
1158,False,False,214.8,9.4,3,3,False
1159,False,False,107.0,12.8,3,4,True
1160,False,True,78.5,11.8,4,1,False
1161,False,False,153.5,6.5,5,2,False
1162,False,True,177.1,7.4,2,0,False
1163,False,False,324.7,13.1,5,0,True
1164,False,False,317.8,10.4,7,1,True
1165,False,True,40.9,11.9,7,0,False
1166,False,False,149.3,8.9,6,2,False
1167,False,False,209.8,11.3,3,0,False
1168,False,False,140.7,11.7,5,0,False
1169,False,False,264.5,7.5,4,2,True
1170,False,False,337.4,15.8,7,0,True
1171,False,False,90.5,9.3,2,1,False
1172,False,False,276.1,8.9,4,0,True
1173,False,False,201.1,11.6,3,3,False
1174,False,False,209.9,8.8,4,2,False
1175,False,True,238.0,10.0,5,2,False
1176,False,False,159.8,10.6,3,2,False
1177,False,False,206.3,11.7,6,0,False
1178,False,True,196.4,9.3,1,0,False
1179,False,False,96.5,12.5,3,1,True
1180,False,True,239.5,9.9,6,0,False
1181,False,False,262.4,8.3,6,2,False
1182,False,False,193.8,8.5,3,1,False
1183,False,False,149.2,8.3,2,3,False
1184,False,True,103.7,14.8,4,2,False
1185,False,False,72.8,10.5,4,3,False
1186,False,True,88.5,8.2,4,3,False
1187,False,False,190.4,8.3,4,2,False
1188,False,False,167.4,10.3,3,0,True
1189,False,True,212.3,6.6,2,3,False
1190,False,True,176.6,11.3,5,2,False
1191,False,False,174.7,15.8,3,6,True
1192,False,False,143.7,11.4,8,4,False
1193,False,False,140.6,6.8,3,2,False
1194,False,False,146.1,9.2,3,0,False
1195,True,True,172.1,13.9,20,1,True
1196,False,False,212.0,12.6,10,3,False
1197,True,False,135.1,12.3,2,2,True
1198,False,False,121.8,10.3,5,1,False
1199,False,True,168.0,8.0,2,6,True
1200,False,False,176.2,9.2,4,1,False
1201,False,False,111.0,4.4,14,1,False
1202,False,False,176.1,9.7,4,1,False
1203,False,False,102.0,10.7,3,1,False
1204,True,False,153.6,14.1,4,0,True
1205,False,False,188.5,6.1,6,1,False
1206,False,False,179.5,12.0,4,0,False
1207,False,False,160.4,12.5,4,1,False
1208,False,False,205.9,12.1,8,0,False
1209,False,False,83.2,10.7,7,1,False
1210,False,False,266.0,13.1,6,3,False
1211,False,False,169.2,4.6,4,2,False
1212,False,False,165.0,8.3,8,1,False
1213,False,False,194.0,12.1,4,1,False
1214,False,True,167.4,11.2,3,4,False
1215,False,True,112.2,10.6,2,0,False
1216,False,True,205.5,14.0,4,1,False
1217,True,False,199.6,11.0,4,3,True
1218,False,False,148.8,12.1,3,3,False
1219,False,False,286.6,11.5,5,1,True
1220,False,False,205.2,14.1,5,3,False
1221,False,False,118.5,12.1,4,1,False
1222,False,False,137.9,11.0,5,1,False
1223,False,False,138.1,8.3,2,1,False
1224,False,False,90.4,12.7,2,1,False
1225,False,False,158.0,10.0,5,1,False
1226,False,False,112.2,13.9,1,0,True
1227,False,True,230.6,8.0,2,0,False
1228,False,False,98.2,9.3,4,2,False
1229,False,False,107.9,9.5,3,2,False
1230,False,False,194.5,12.7,1,2,False
1231,False,False,229.3,12.0,8,1,False
1232,False,False,216.6,12.4,8,0,False
1233,False,False,191.3,10.0,3,1,False
1234,False,False,41.9,11.4,5,1,False
1235,False,False,187.2,5.1,4,1,False
1236,True,False,236.9,7.3,2,0,True
1237,False,False,166.9,7.2,5,0,False
1238,False,True,249.6,7.6,3,3,False
1239,False,False,209.4,12.8,1,0,False
1240,False,True,153.2,11.9,7,1,False
1241,False,False,240.3,11.9,3,0,False
1242,False,False,157.1,7.6,3,2,False
1243,False,False,150.2,12.1,2,1,False
1244,False,False,222.5,9.0,3,2,False
1245,False,False,232.8,12.9,7,0,True
1246,False,False,245.0,13.7,8,1,True
1247,False,False,193.7,8.8,4,0,False
1248,False,True,149.6,7.4,4,2,False
1249,False,False,154.2,10.1,9,1,False
1250,False,True,149.9,11.5,7,0,True
1251,False,False,128.7,10.8,5,0,False
1252,False,False,185.8,5.7,7,4,False
1253,False,False,239.8,8.7,5,2,False
1254,False,False,147.1,9.0,3,5,True
1255,False,False,157.9,8.0,5,4,True
1256,False,False,251.5,11.1,6,3,False
1257,False,False,122.4,11.5,3,1,False
1258,False,False,207.2,11.9,4,1,False
1259,False,False,211.7,6.5,9,1,False
1260,False,False,165.6,11.8,3,1,False
1261,False,False,160.2,9.7,2,0,False
1262,False,False,182.6,12.1,5,0,False
1263,False,False,69.1,6.3,3,1,False
1264,True,False,268.4,11.6,4,1,False
1265,False,True,245.4,7.5,6,1,False
1266,False,False,167.8,7.3,4,2,False
1267,False,True,161.2,8.9,4,1,False
1268,False,False,174.5,10.7,2,2,False
1269,False,False,149.3,11.9,3,2,False
1270,False,False,45.0,9.8,6,2,False
1271,False,False,225.1,8.8,4,0,True
1272,False,False,127.9,12.5,5,0,False
1273,False,True,214.3,10.6,4,1,False
1274,False,False,220.9,12.2,2,1,False
1275,False,False,194.8,5.5,3,0,False
1276,False,False,197.0,10.6,6,2,False
1277,False,False,207.6,10.9,6,2,False
1278,False,True,118.1,11.9,6,2,False
1279,False,False,137.4,14.0,11,3,False
1280,False,False,147.2,7.2,6,3,False
1281,False,False,232.6,10.5,9,1,False
1282,False,False,174.3,5.9,3,6,False
1283,False,True,211.0,11.4,5,1,False
1284,False,False,194.8,12.8,3,0,False
1285,False,True,208.8,11.1,4,2,False
1286,False,False,223.3,4.5,4,0,True
1287,False,True,129.6,14.5,5,1,False
1288,False,False,185.0,12.6,2,2,False
1289,False,False,117.8,11.8,4,0,True
1290,False,True,215.8,6.9,3,1,False
1291,False,False,224.5,11.5,2,2,False
1292,False,False,243.4,12.2,5,0,False
1293,False,True,108.6,13.4,4,0,False
1294,False,True,224.7,9.8,6,0,False
1295,False,False,192.8,13.0,3,3,False
1296,False,False,139.0,15.7,5,2,False
1297,False,False,207.2,8.0,1,2,False
1298,False,False,81.7,11.3,3,6,True
1299,False,False,191.7,9.1,5,1,False
1300,False,False,110.9,15.8,9,1,False
1301,False,False,133.4,11.1,7,1,False
1302,False,True,111.8,6.9,4,1,False
1303,False,True,142.1,9.6,4,1,False
1304,True,False,156.4,7.3,5,1,False
1305,False,False,192.1,6.1,3,0,False
1306,False,True,127.4,9.1,3,0,False
1307,False,True,91.5,12.7,8,2,False
1308,False,False,85.7,11.6,3,4,True
1309,False,True,152.0,15.7,5,2,True
1310,True,False,129.9,11.2,3,3,False
1311,False,False,109.5,6.6,7,1,False
1312,False,True,237.1,10.1,5,4,False
1313,False,True,154.6,12.6,1,3,False
1314,True,True,127.7,5.8,4,2,False
1315,False,False,193.8,9.2,3,0,False
1316,True,True,292.9,13.8,7,4,True
1317,False,False,157.9,12.8,3,1,False
1318,False,False,115.1,11.4,3,2,False
1319,False,True,240.4,16.1,6,0,False
1320,False,False,288.1,10.2,4,3,True
1321,False,False,120.8,11.9,3,4,True
1322,False,False,176.1,8.5,6,2,False
1323,False,False,165.8,10.9,3,5,True
1324,False,False,144.4,7.1,7,0,False
1325,True,True,156.5,11.1,3,4,True
1326,False,False,61.2,13.7,3,5,True
1327,False,False,131.9,7.1,4,1,False
1328,False,False,165.4,8.2,1,1,False
1329,False,True,125.9,10.3,4,1,False
1330,False,False,174.0,7.9,1,1,False
1331,False,True,273.4,12.3,6,1,False
1332,False,False,188.5,15.2,5,2,False
1333,False,False,175.4,11.5,3,1,False
1334,False,False,118.2,12.2,3,3,False
1335,False,False,183.0,8.7,6,2,False
1336,False,False,145.5,10.9,2,3,False
1337,False,False,242.9,0.0,0,1,False
1338,False,False,232.5,11.9,2,0,False
1339,False,True,95.0,10.0,2,2,False
1340,False,False,321.1,11.5,2,4,True
1341,False,True,201.3,5.4,3,1,False
1342,False,False,223.9,7.3,9,1,False
1343,False,False,140.4,7.9,1,0,False
1344,False,False,115.4,6.0,3,3,False
1345,True,True,225.2,11.7,4,0,False
1346,False,False,110.9,7.9,2,2,False
1347,False,True,195.4,8.4,6,3,False
1348,False,False,124.6,10.5,6,1,False
1349,False,False,255.9,12.3,5,3,False
1350,False,False,150.5,3.5,3,1,False
1351,False,False,184.4,9.3,5,3,False
1352,False,False,213.9,12.2,5,3,False
1353,False,False,158.4,13.5,4,4,True
1354,False,False,164.5,11.2,2,0,False
1355,False,False,252.0,5.7,5,0,False
1356,False,False,133.1,10.3,8,1,False
1357,False,False,210.1,14.4,2,4,False
1358,False,False,181.8,9.3,3,2,False
1359,False,True,148.5,6.5,4,0,False
1360,False,False,171.4,17.0,4,3,False
1361,False,False,187.9,10.2,11,2,False
1362,False,False,175.4,9.8,9,1,False
1363,False,False,209.1,14.0,6,0,False
1364,False,False,157.7,13.8,3,1,False
1365,True,False,287.4,10.0,3,1,True
1366,False,True,103.1,12.2,8,3,False
1367,False,False,161.0,12.1,4,4,False
1368,False,True,173.0,4.8,3,0,False
1369,False,False,242.5,9.6,7,0,False
1370,False,False,259.4,9.5,3,1,True
1371,False,False,243.7,11.3,2,0,False
1372,False,False,210.8,16.4,3,2,False
1373,False,False,322.5,9.4,4,2,True
1374,False,False,154.5,12.0,2,3,True
1375,False,False,90.6,5.4,9,1,False
1376,False,False,221.7,6.5,4,3,False
1377,False,True,219.9,10.0,4,1,False
1378,False,False,234.2,13.9,2,1,False
1379,False,False,285.7,8.7,4,1,True
1380,False,False,136.2,13.3,7,3,False
1381,False,False,203.9,17.8,4,4,False
1382,False,False,225.9,14.3,3,3,True
1383,False,True,192.3,6.3,12,1,False
1384,True,True,95.9,10.4,3,1,False
1385,False,False,227.4,12.5,3,0,False
1386,True,False,127.3,10.3,3,1,False
1387,False,False,148.1,12.3,2,5,True
1388,False,False,206.3,6.1,3,1,False
1389,False,False,109.1,8.3,6,0,False
1390,False,False,205.7,12.5,6,2,False
1391,False,True,147.8,10.2,6,0,False
1392,False,False,178.8,8.4,5,2,False
1393,False,True,110.0,6.4,3,2,False
1394,False,False,134.3,14.7,4,3,False
1395,False,True,145.0,14.2,3,2,False
1396,False,False,150.6,6.4,2,1,False
1397,True,False,111.1,10.5,6,1,False
1398,False,False,274.4,6.0,3,1,False
1399,False,True,220.1,11.1,3,0,False
1400,False,False,156.0,8.9,8,0,False
1401,False,False,198.2,8.7,3,4,False
1402,False,True,160.1,9.5,4,3,False
1403,True,True,128.2,11.7,6,3,False
1404,False,False,234.0,9.1,5,2,False
1405,False,False,230.4,7.6,6,3,False
1406,False,False,210.7,7.2,6,1,False
1407,False,True,181.6,12.9,4,2,False
1408,False,False,266.6,5.9,2,1,True
1409,False,True,254.4,10.5,4,0,False
1410,False,False,206.3,12.4,12,0,False
1411,False,False,140.2,7.1,2,1,False
1412,False,False,180.0,4.7,7,3,False
1413,False,False,181.5,10.5,7,1,False
1414,False,True,175.3,7.8,2,0,False
1415,False,True,183.6,6.0,3,2,False
1416,False,True,214.4,10.0,8,1,False
1417,False,False,135.0,12.5,9,1,False
1418,False,True,121.1,10.1,6,0,False
1419,True,False,160.4,12.6,5,4,False
1420,False,False,201.2,8.4,3,2,False
1421,False,False,93.3,6.5,4,0,False
1422,False,True,152.3,11.3,5,7,False
1423,False,True,204.5,14.8,9,2,False
1424,False,True,163.8,8.1,5,0,False
1425,False,False,295.4,11.5,2,1,True
1426,False,False,70.8,9.5,1,6,True
1427,False,False,260.2,7.2,8,3,False
1428,False,False,150.6,8.1,5,0,False
1429,False,False,142.3,6.0,11,2,False
1430,False,False,173.4,13.7,6,1,False
1431,False,False,175.9,11.0,6,1,False
1432,False,False,268.7,5.8,1,2,True
1433,False,True,160.6,9.5,1,2,False
1434,False,True,266.7,16.3,4,1,False
1435,False,False,49.2,12.1,13,1,False
1436,False,True,124.0,12.3,3,1,False
1437,False,False,238.9,11.8,3,2,False
1438,True,False,312.0,10.5,2,0,True
1439,False,False,184.2,12.8,4,2,False
1440,True,True,157.5,11.1,2,3,True
1441,False,False,159.8,9.7,7,2,False
1442,False,False,72.5,6.6,3,1,False
1443,False,False,157.1,12.1,6,1,False
1444,False,False,123.1,9.3,5,0,False
1445,False,False,173.6,9.7,7,3,False
1446,False,False,185.0,5.1,8,1,False
1447,False,True,242.2,8.9,1,1,False
1448,False,False,157.4,9.3,2,1,False
1449,False,False,92.6,14.4,4,3,False
1450,False,False,141.7,8.8,6,0,False
1451,False,False,143.2,11.9,9,1,False
1452,False,True,97.8,5.9,2,0,False
1453,False,False,162.1,11.0,9,5,True
1454,False,True,206.2,11.4,6,1,False
1455,False,False,229.9,14.2,6,1,False
1456,False,False,264.8,14.8,2,1,True
1457,True,True,173.1,14.6,15,0,True
1458,False,False,55.6,12.1,3,2,False
1459,False,False,246.8,12.6,5,1,False
1460,False,False,196.5,10.8,2,2,False
1461,False,True,162.1,9.6,3,4,True
1462,False,False,154.4,13.9,4,1,False
1463,False,False,151.4,10.9,3,0,False
1464,False,False,83.5,12.6,3,0,False
1465,False,True,174.4,11.8,3,1,False
1466,False,False,258.1,11.7,5,1,False
1467,False,False,153.5,6.3,2,2,False
1468,False,True,141.8,7.8,3,1,False
1469,False,False,158.7,7.7,10,2,False
1470,True,True,112.6,11.1,2,0,True
1471,True,False,163.1,11.2,3,0,False
1472,False,False,183.6,12.7,2,1,False
1473,False,False,144.0,10.0,7,1,False
1474,False,False,113.0,10.8,4,2,False
1475,False,False,190.4,13.6,17,2,False
1476,False,False,103.4,14.4,3,1,False
1477,False,False,156.4,7.7,6,4,False
1478,False,False,224.4,6.7,2,2,False
1479,False,True,245.0,14.9,3,2,False
1480,False,False,128.3,12.2,5,7,True
1481,False,True,208.0,8.1,9,1,False
1482,False,False,158.6,9.1,3,0,False
1483,False,False,221.9,7.1,5,0,True
1484,False,False,65.4,13.8,1,2,False
1485,False,False,189.3,9.2,5,4,False
1486,False,False,178.9,13.8,3,4,True
1487,False,False,219.6,10.8,4,2,False
1488,False,False,183.0,9.5,19,0,False
1489,False,False,93.8,10.7,2,1,False
1490,False,False,186.0,11.5,6,4,False
1491,False,False,220.6,10.5,11,1,False
1492,True,False,279.8,8.4,10,2,True
1493,False,False,178.0,11.7,4,1,False
1494,False,False,190.3,11.7,5,2,False
1495,False,False,240.7,10.1,3,0,True
1496,False,True,184.1,16.9,3,0,False
1497,False,False,159.7,9.3,3,2,False
1498,False,False,227.0,8.9,1,2,False
1499,False,False,137.6,9.6,6,2,False
1500,False,False,182.2,9.3,4,2,False
1501,False,False,247.2,9.3,2,2,True
1502,False,False,211.3,13.2,5,3,False
1503,False,False,240.9,14.7,8,3,False
1504,False,True,146.6,10.0,2,1,False
1505,False,False,229.7,9.6,1,1,True
1506,False,True,143.9,12.5,8,2,False
1507,False,False,168.2,12.9,3,1,False
1508,False,False,155.1,10.6,4,0,False
1509,False,False,230.9,9.7,2,3,False
1510,False,False,208.3,11.3,5,3,False
1511,False,True,173.1,11.5,5,1,False
1512,False,False,191.4,10.2,3,3,False
1513,False,False,49.9,10.1,4,2,False
1514,True,False,214.1,10.1,3,1,False
1515,False,False,191.4,14.0,5,3,False
1516,True,False,194.2,12.9,1,1,True
1517,False,False,98.2,9.3,2,2,False
1518,False,False,183.6,8.7,3,1,False
1519,False,False,226.4,12.3,4,3,True
1520,False,False,70.9,12.0,6,2,False
1521,False,False,234.4,10.4,6,3,False
1522,False,False,110.9,6.2,5,1,False
1523,False,False,141.1,5.9,6,3,False
1524,False,False,181.4,10.9,4,2,False
1525,False,True,204.7,7.0,2,2,False
1526,False,False,202.9,12.8,3,5,False
1527,False,False,96.8,10.9,5,2,True
1528,False,False,269.7,4.5,15,3,True
1529,False,True,218.7,15.0,1,0,False
1530,False,False,102.6,9.1,4,2,False
1531,False,False,198.4,10.1,3,0,False
1532,True,True,195.5,13.5,9,1,True
1533,False,False,182.3,18.0,5,1,False
1534,False,True,155.9,13.1,5,3,False
1535,False,False,218.8,10.3,3,4,False
1536,False,False,158.0,9.1,4,1,False
1537,False,False,272.1,8.5,10,1,True
1538,False,True,183.2,9.7,3,0,False
1539,False,True,163.5,7.5,5,2,False
1540,False,True,196.6,12.9,4,2,False
1541,False,False,78.7,14.0,8,0,False
1542,False,False,195.9,12.2,4,3,False
1543,False,False,151.5,11.8,4,0,False
1544,False,False,187.3,10.1,5,1,False
1545,False,False,189.8,10.6,5,1,False
1546,False,False,206.6,14.6,3,0,False
1547,False,False,189.8,10.3,1,0,False
1548,False,False,134.9,10.2,5,1,False
1549,True,False,228.4,7.7,7,0,False
1550,False,True,200.1,15.5,4,0,False
1551,False,True,161.9,8.5,2,1,False
1552,False,False,176.7,9.1,4,2,False
1553,False,True,210.4,9.7,4,0,False
1554,False,True,246.6,13.0,5,1,False
1555,False,True,268.8,16.4,3,0,False
1556,False,True,142.4,13.4,6,2,False
1557,False,True,87.2,10.9,5,6,True
1558,False,False,173.9,15.3,5,0,False
1559,True,False,122.2,10.3,9,5,True
1560,False,False,143.7,7.8,5,1,False
1561,True,False,177.7,10.5,5,1,False
1562,True,False,220.8,6.4,3,0,False
1563,False,False,169.6,9.3,4,0,False
1564,False,False,143.8,12.9,4,3,False
1565,False,False,254.3,11.8,2,2,False
1566,True,False,252.3,12.0,5,3,True
1567,False,False,189.3,7.4,3,0,False
1568,False,False,280.0,10.4,4,0,True
1569,False,False,171.1,16.2,3,1,False
1570,False,False,135.7,8.8,3,7,True
1571,False,False,186.8,8.8,4,3,False
1572,False,True,153.9,12.8,5,1,False
1573,True,False,203.5,11.9,11,0,False
1574,False,True,93.4,10.9,1,1,False
1575,False,False,278.9,11.7,7,0,True
1576,True,False,164.0,6.4,4,0,False
1577,True,False,62.6,10.4,2,1,True
1578,False,True,218.7,9.4,5,2,False
1579,False,True,160.0,6.1,10,1,False
1580,False,False,178.1,8.5,2,1,False
1581,False,False,183.9,10.8,11,1,False
1582,False,False,115.6,10.7,6,1,False
1583,False,False,164.3,11.8,1,2,False
1584,False,False,164.9,10.0,9,2,False
1585,False,False,221.1,9.5,1,0,False
1586,False,False,202.2,11.8,2,2,False
1587,False,False,272.6,9.5,2,1,True
1588,False,False,213.0,13.5,3,0,False
1589,False,False,207.6,12.4,13,1,False
1590,False,False,276.9,10.3,3,1,True
1591,False,False,129.2,10.3,4,5,True
1592,False,True,219.2,15.0,5,1,False
1593,False,False,85.9,10.1,2,0,False
1594,False,True,200.3,10.2,5,0,False
1595,False,False,179.3,8.0,5,0,False
1596,False,True,174.4,11.0,4,1,False
1597,False,True,146.3,14.5,6,0,False
1598,False,False,134.5,15.4,1,1,False
1599,False,True,193.8,13.3,2,1,False
1600,False,False,107.3,10.0,3,4,True
1601,False,True,211.9,5.4,4,1,False
1602,False,False,216.8,5.6,2,1,False
1603,False,False,214.8,10.2,5,0,False
1604,False,False,156.2,13.1,5,1,False
1605,True,False,286.2,11.0,4,2,True
1606,False,False,114.4,10.1,5,2,False
1607,False,False,169.5,9.0,7,2,False
1608,False,False,181.5,8.5,5,1,False
1609,False,False,257.4,13.4,5,2,True
1610,False,True,206.9,9.2,1,3,False
1611,False,True,167.4,9.5,4,3,False
1612,False,False,131.8,7.7,6,2,False
1613,False,False,129.7,7.5,3,5,True
1614,False,False,139.6,15.0,4,2,False
1615,True,False,148.2,9.2,1,4,True
1616,False,False,177.2,8.4,6,1,False
1617,False,False,216.7,10.8,1,2,False
1618,False,True,153.5,10.6,3,1,False
1619,False,True,19.5,7.9,1,0,False
1620,False,False,136.1,4.4,2,1,False
1621,False,False,129.3,12.3,4,3,False
1622,False,False,89.5,14.0,3,2,False
1623,False,True,107.9,10.5,2,0,False
1624,False,False,195.7,8.3,3,1,True
1625,False,False,220.7,12.4,9,1,False
1626,False,True,201.3,12.3,3,1,False
1627,False,False,203.3,14.3,3,1,False
1628,False,False,166.9,12.8,4,3,False
1629,False,False,152.9,5.3,6,2,False
1630,False,False,303.9,5.3,3,1,True
1631,True,False,218.0,12.4,1,0,True
1632,False,False,253.0,9.8,4,0,False
1633,False,False,78.1,12.3,4,1,False
1634,False,False,248.6,6.1,3,3,False
1635,False,True,152.0,10.0,1,2,False
1636,False,False,182.3,11.2,1,2,False
1637,False,True,207.5,7.5,16,4,False
1638,False,True,198.7,12.5,5,1,False
1639,False,False,261.4,8.0,6,1,True
1640,False,False,235.6,16.2,2,0,False
1641,False,True,128.1,11.6,3,1,False
1642,False,True,141.1,13.2,2,1,False
1643,True,False,247.5,10.6,3,2,False
1644,False,False,101.7,9.4,6,3,False
1645,False,False,181.5,6.6,5,1,False
1646,False,False,152.5,4.9,3,2,False
1647,False,False,157.0,12.1,2,2,False
1648,False,False,183.4,8.2,8,1,False
1649,False,True,162.0,11.9,5,0,False
1650,False,False,179.2,12.4,2,0,False
1651,False,False,203.8,9.0,2,1,False
1652,False,True,199.5,10.9,3,4,True
1653,False,False,145.5,8.9,8,1,False
1654,False,False,226.1,10.3,5,1,False
1655,True,False,236.8,9.5,2,1,True
1656,False,False,321.6,11.3,3,2,True
1657,False,False,175.6,9.3,4,0,False
1658,False,False,174.5,11.3,7,1,False
1659,True,True,225.7,14.0,7,1,True
1660,False,False,119.1,12.2,4,0,False
1661,False,False,204.8,9.5,3,0,False
1662,False,False,203.8,11.7,4,1,False
1663,False,False,208.3,15.9,4,3,False
1664,False,False,141.2,7.0,2,2,False
1665,False,False,232.1,15.0,6,5,False
1666,False,False,216.2,10.0,5,2,False
1667,False,False,210.6,9.4,5,0,False
1668,False,False,97.1,10.6,3,1,False
1669,False,True,142.6,12.0,2,3,False
1670,False,True,230.2,10.4,2,1,False
1671,False,False,221.8,13.2,4,1,False
1672,False,True,123.0,13.3,4,1,False
1673,False,False,172.3,13.0,4,2,False
1674,False,True,254.2,13.8,7,5,False
1675,False,False,193.3,9.1,3,4,False
1676,False,False,169.4,8.9,5,1,False
1677,False,True,218.2,7.5,7,3,False
1678,False,True,164.9,6.7,9,1,False
1679,False,False,135.2,8.4,5,2,False
1680,False,True,260.8,10.1,5,1,False
1681,False,False,169.7,12.8,6,3,False
1682,False,True,118.0,11.8,2,2,False
1683,False,False,137.5,13.4,2,0,False
1684,False,False,155.0,7.0,4,4,True
1685,False,False,256.0,11.5,4,3,False
1686,False,False,202.8,4.6,4,1,False
1687,False,False,197.0,11.6,5,1,False
1688,False,False,222.3,12.1,4,1,True
1689,False,False,170.7,11.4,4,2,False
1690,True,True,197.1,9.5,5,4,False
1691,False,True,137.3,10.2,3,0,False
1692,False,False,135.2,10.2,2,2,False
1693,False,True,167.8,14.5,4,4,True
1694,False,False,139.6,10.8,4,1,False
1695,False,True,176.1,12.1,9,0,False
1696,False,False,113.3,11.7,2,4,True
1697,False,False,154.0,3.5,3,1,False
1698,False,False,92.4,12.9,4,2,False
1699,False,True,264.3,6.3,3,4,False
1700,False,False,270.0,12.0,5,2,True
1701,False,False,217.1,12.0,6,0,False
1702,False,False,222.2,11.9,7,4,False
1703,False,False,202.0,10.4,6,1,False
1704,True,False,208.7,8.3,3,3,False
1705,False,True,138.1,6.8,3,2,False
1706,False,False,114.8,9.6,4,2,False
1707,False,False,166.3,6.1,5,1,False
1708,False,False,124.1,6.4,5,3,False
1709,False,False,253.2,4.4,4,1,False
1710,False,False,335.5,12.7,8,2,True
1711,False,False,203.6,8.4,3,0,False
1712,False,False,185.1,6.3,4,3,False
1713,False,False,132.0,0.0,0,3,False
1714,False,False,227.7,11.7,5,1,False
1715,False,False,178.7,9.8,4,0,False
1716,False,False,250.9,9.6,6,2,False
1717,False,True,226.2,10.5,5,3,True
1718,False,False,294.7,10.8,3,1,True
1719,False,False,168.6,7.3,4,1,False
1720,False,False,149.8,10.9,7,2,False
1721,False,False,167.4,10.3,5,0,False
1722,False,False,111.9,14.1,3,5,True
1723,False,False,204.4,11.0,5,1,False
1724,False,True,201.2,11.8,1,1,False
1725,False,False,152.9,12.0,5,2,False
1726,True,True,200.3,12.9,3,2,False
1727,False,False,141.1,10.8,2,2,False
1728,False,False,184.5,10.2,6,2,False
1729,False,False,269.8,10.1,8,1,True
1730,False,False,128.8,14.1,4,2,False
1731,False,False,188.9,10.2,2,2,False
1732,False,False,185.1,9.1,7,0,False
1733,False,False,300.3,11.7,4,0,True
1734,False,False,224.0,2.1,5,0,False
1735,False,False,104.0,14.6,8,0,False
1736,False,False,243.4,12.8,2,1,False
1737,False,True,90.4,13.1,4,0,False
1738,True,False,258.0,10.9,3,0,True
1739,False,False,295.0,12.9,4,2,True
1740,False,False,182.9,5.5,4,2,False
1741,False,False,211.6,7.8,1,1,False
1742,False,True,273.0,9.6,2,1,False
1743,False,False,236.7,12.7,6,1,False
1744,False,False,134.8,7.7,5,2,False
1745,False,False,170.5,11.3,2,1,False
1746,False,False,154.2,10.9,4,6,False
1747,True,False,267.4,5.9,4,1,False
1748,False,False,288.0,13.4,4,0,True
1749,False,False,222.8,11.2,6,1,False
1750,True,False,180.9,8.8,9,3,False
1751,False,True,217.2,11.3,4,0,False
1752,False,True,146.6,2.9,7,0,False
1753,False,False,102.7,11.0,5,0,False
1754,True,False,172.9,9.8,1,0,True
1755,True,False,125.5,6.3,6,4,True
1756,False,False,215.9,12.1,4,1,False
1757,False,False,179.4,7.9,4,0,False
1758,False,False,85.7,10.1,5,2,False
1759,False,False,134.7,6.6,5,2,False
1760,False,False,120.3,7.7,3,4,True
1761,False,False,135.1,11.7,4,1,False
1762,False,True,147.0,8.7,3,2,False
1763,False,False,144.0,13.0,4,1,False
1764,False,False,175.8,12.4,4,1,False
1765,False,True,257.2,12.6,4,1,False
1766,False,False,152.2,9.8,3,0,False
1767,False,True,200.7,9.1,5,1,False
1768,False,False,197.7,10.5,3,3,False
1769,False,True,165.8,0.0,0,1,False
1770,False,False,178.4,9.6,2,0,False
1771,True,False,244.8,10.7,3,2,False
1772,False,False,17.6,10.6,6,1,False
1773,False,False,185.2,9.5,13,1,False
1774,False,False,194.2,9.3,7,3,False
1775,False,False,257.3,13.5,7,0,False
1776,False,True,96.3,10.3,2,1,False
1777,False,False,242.4,11.8,6,1,False
1778,False,False,172.5,5.9,6,0,False
1779,False,True,160.0,10.4,7,1,False
1780,False,True,131.2,12.8,2,2,False
1781,False,False,234.1,13.1,9,2,False
1782,False,False,203.2,15.1,6,2,False
1783,False,True,149.4,6.7,2,0,False
1784,False,False,156.5,12.2,2,2,False
1785,False,False,185.9,11.3,4,3,False
1786,True,True,288.5,13.0,5,1,False
1787,False,True,214.6,7.9,5,1,False
1788,False,False,203.1,13.5,2,3,False
1789,False,False,124.8,8.6,4,2,False
1790,False,True,154.6,9.1,4,1,False
1791,True,True,191.1,9.8,3,0,False
1792,False,True,104.9,7.7,6,3,False
1793,False,True,156.6,11.3,1,1,False
1794,False,False,218.2,8.0,1,1,False
1795,False,False,273.2,13.1,7,2,True
1796,False,True,158.1,8.9,6,1,False
1797,False,False,255.1,8.8,3,3,True
1798,False,False,115.5,11.5,7,7,True
1799,False,False,251.8,9.8,7,2,True
1800,False,True,306.2,11.7,2,0,False
1801,False,True,129.5,11.9,3,1,False
1802,False,True,172.0,8.0,5,1,False
1803,False,False,212.7,7.0,6,1,False
1804,False,True,149.4,10.1,6,1,False
1805,False,False,239.1,10.9,3,3,True
1806,False,False,154.0,5.6,2,3,True
1807,False,True,157.6,13.7,2,0,False
1808,False,True,210.0,5.9,4,8,False
1809,False,True,218.7,12.1,4,1,False
1810,False,False,212.9,6.3,3,3,False
1811,False,False,159.5,12.0,4,0,False
1812,False,True,186.9,5.8,3,1,False
1813,False,True,176.6,14.6,6,1,False
1814,True,False,250.8,10.0,5,2,False
1815,False,False,224.9,6.7,5,3,True
1816,False,False,168.6,14.4,8,2,False
1817,False,False,278.4,9.8,5,1,False
1818,False,False,193.1,10.2,1,0,False
1819,False,False,227.2,14.9,2,0,False
1820,False,True,254.9,5.4,3,2,False
1821,False,False,117.6,8.8,5,1,False
1822,False,False,141.3,8.2,5,1,False
1823,False,True,222.6,11.5,2,1,False
1824,False,False,58.4,11.9,5,1,False
1825,False,False,160.5,11.3,4,1,False
1826,False,False,198.4,13.1,4,0,False
1827,False,True,165.6,11.0,2,3,False
1828,False,False,137.1,11.1,4,1,False
1829,False,False,159.5,7.1,7,1,False
1830,False,True,130.1,13.5,5,2,False
1831,False,False,106.4,11.4,3,1,False
1832,False,True,139.3,8.1,1,3,False
1833,False,False,222.0,12.4,6,2,False
1834,False,False,260.8,5.8,2,1,False
1835,True,False,133.0,11.2,3,1,False
1836,False,True,82.2,5.1,6,0,False
1837,False,True,313.8,10.1,7,3,False
1838,False,False,162.3,10.9,2,0,False
1839,False,False,148.5,6.8,2,1,False
1840,False,True,175.4,10.5,3,2,False
1841,False,False,158.6,10.2,8,3,False
1842,False,True,89.8,9.3,7,4,True
1843,False,False,124.8,10.6,7,3,False
1844,False,False,170.2,15.0,2,1,False
1845,False,True,167.9,9.1,2,1,False
1846,False,False,149.6,14.3,9,0,False
1847,True,True,156.1,14.7,3,0,True
1848,False,True,241.7,11.3,3,1,False
1849,True,False,193.7,11.6,8,0,False
1850,False,False,185.0,14.9,4,3,False
1851,False,False,82.3,7.2,4,1,False
1852,False,False,113.2,9.5,5,1,False
1853,False,True,174.0,14.1,7,2,True
1854,False,True,184.2,12.2,4,1,False
1855,False,False,117.3,14.4,2,2,False
1856,False,False,211.1,5.6,4,0,False
1857,False,True,155.2,15.4,6,1,False
1858,False,False,164.5,9.9,3,4,False
1859,False,True,130.1,11.4,5,0,False
1860,False,True,162.3,9.2,4,0,False
1861,False,False,211.8,10.7,9,3,False
1862,False,False,226.0,12.6,4,2,True
1863,False,False,109.7,15.4,8,3,False
1864,False,False,272.7,7.7,2,0,True
1865,False,True,105.0,3.7,4,0,False
1866,False,False,181.5,8.5,4,1,False
1867,True,False,218.7,8.2,5,1,False
1868,False,False,271.1,9.8,5,2,True
1869,False,False,167.6,17.3,3,2,False
1870,False,False,123.7,13.3,4,0,False
1871,False,True,185.0,7.4,7,0,False
1872,False,False,206.2,11.0,7,1,False
1873,False,False,111.7,13.1,6,1,False
1874,False,False,161.6,13.8,2,1,False
1875,False,False,119.4,12.4,7,2,False
1876,False,True,164.1,12.3,9,0,False
1877,False,False,154.4,11.8,3,0,False
1878,False,True,71.2,12.9,1,1,False
1879,False,False,131.9,14.7,5,3,False
1880,False,False,271.6,11.6,9,2,False
1881,True,False,125.6,5.4,5,1,False
1882,False,False,96.0,9.7,4,3,False
1883,True,False,273.9,10.9,7,1,True
1884,False,False,131.1,5.6,9,5,True
1885,False,True,116.7,9.9,3,1,False
1886,False,False,131.7,11.0,5,1,False
1887,False,False,167.3,10.6,5,1,True
1888,False,False,149.0,8.6,3,2,True
1889,False,True,181.6,11.4,4,1,False
1890,False,True,252.9,12.3,1,1,False
1891,True,False,170.7,8.2,9,3,False
1892,False,False,242.8,6.0,3,5,False
1893,False,False,222.8,11.0,3,3,False
1894,False,False,189.3,11.2,5,3,False
1895,False,True,111.2,9.0,6,6,True
1896,False,False,194.3,9.0,3,5,False
1897,False,False,207.9,14.4,7,4,False
1898,False,False,47.4,10.5,8,2,False
1899,False,False,140.4,11.1,9,1,False
1900,False,False,168.2,10.1,3,3,False
1901,False,False,163.1,9.0,10,1,False
1902,False,False,193.6,13.1,1,2,False
1903,False,False,122.0,5.8,5,1,False
1904,False,False,145.6,12.2,5,0,False
1905,False,False,104.7,15.8,7,3,False
1906,False,False,156.0,9.3,5,1,False
1907,True,True,271.5,8.2,2,1,True
1908,False,False,240.0,9.3,2,0,True
1909,True,False,197.2,7.8,8,1,False
1910,False,True,151.5,10.7,5,2,False
1911,False,True,141.7,12.0,5,1,False
1912,False,False,206.2,9.0,3,1,False
1913,False,False,163.0,6.7,3,2,False
1914,False,False,146.3,11.5,3,0,False
1915,False,False,68.4,10.4,4,0,False
1916,False,False,133.3,11.6,2,0,False
1917,False,True,64.9,14.6,1,1,False
1918,False,False,221.3,11.3,6,1,False
1919,False,True,182.1,12.7,4,3,False
1920,False,True,143.0,15.3,4,5,True
1921,False,False,153.1,9.9,9,3,False
1922,True,False,148.5,14.5,7,1,True
1923,False,False,220.8,7.6,3,2,False
1924,False,False,168.3,12.5,1,1,False
1925,False,True,208.8,12.5,4,4,False
1926,True,False,246.4,12.1,2,2,True
1927,False,False,172.7,11.7,1,2,False
1928,False,False,135.4,7.9,4,1,False
1929,False,False,134.1,10.5,2,2,False
1930,False,False,237.3,11.2,6,1,False
1931,False,False,208.8,11.1,5,0,False
1932,False,False,151.8,11.2,8,3,False
1933,False,False,269.2,8.9,2,3,True
1934,False,False,130.8,10.0,5,1,False
1935,False,False,125.7,12.9,2,1,False
1936,False,True,211.7,12.2,1,1,False
1937,False,False,271.8,8.7,2,4,True
1938,False,True,114.3,7.5,8,1,False
1939,False,True,92.3,11.6,3,2,False
1940,False,True,145.7,13.1,5,3,False
1941,False,True,186.6,11.6,5,1,False
1942,False,False,235.8,12.0,3,0,False
1943,False,False,136.3,7.1,5,0,False
1944,False,False,124.8,13.4,4,0,False
1945,False,False,109.0,13.3,3,4,True
1946,False,True,215.1,12.4,2,2,False
1947,False,True,249.5,9.8,4,1,False
1948,False,False,151.8,11.9,5,1,False
1949,False,False,189.4,7.1,8,3,False
1950,False,False,174.5,10.6,2,0,False
1951,False,False,190.2,14.0,6,0,False
1952,True,False,161.3,14.1,3,0,True
1953,False,False,228.7,11.8,4,1,False
1954,False,True,159.1,13.0,18,1,False
1955,False,False,194.1,7.0,7,2,False
1956,False,False,195.4,8.9,4,0,False
1957,True,True,93.5,9.9,3,0,False
1958,True,False,248.7,11.3,2,1,True
1959,True,True,196.8,20.0,6,0,True
1960,False,True,216.0,11.8,4,0,False
1961,False,False,201.5,12.9,4,1,False
1962,True,True,244.9,9.7,6,4,False
1963,False,False,198.5,12.4,5,0,False
1964,False,False,131.6,11.1,4,4,True
1965,False,False,179.1,10.6,7,3,False
1966,False,False,129.3,12.9,2,2,False
1967,False,False,176.4,11.5,1,1,False
1968,False,True,177.9,11.5,4,1,False
1969,False,False,185.3,11.7,3,0,False
1970,False,True,166.4,10.7,4,4,False
1971,False,False,248.7,13.2,2,1,True
1972,False,True,170.5,13.6,5,6,False
1973,False,False,172.4,11.0,5,0,False
1974,False,True,50.6,4.2,4,2,False
1975,False,False,69.4,8.9,5,0,False
1976,False,False,159.3,9.5,3,2,False
1977,False,False,154.7,11.1,3,0,False
1978,True,False,89.5,7.9,1,1,True
1979,False,False,136.7,9.8,4,0,False
1980,True,False,162.4,11.4,2,2,True
1981,False,False,202.4,9.2,5,3,False
1982,False,False,83.4,7.6,5,1,False
1983,False,False,232.7,11.5,6,5,False
1984,False,False,190.4,11.2,4,2,False
1985,False,True,141.4,5.6,3,2,False
1986,False,False,209.5,8.8,4,1,False
1987,False,False,275.4,13.6,3,1,False
1988,True,False,106.6,9.6,8,2,False
1989,True,False,161.5,11.2,13,0,False
1990,False,False,118.6,11.5,5,1,False
1991,False,False,201.7,6.0,4,0,False
1992,False,False,167.8,11.9,4,0,False
1993,False,False,216.3,4.5,3,0,False
1994,False,False,142.3,9.1,1,0,False
1995,False,False,184.7,12.3,6,2,True
1996,False,False,58.9,9.4,3,1,False
1997,False,False,103.1,11.2,5,1,False
1998,False,False,190.1,13.0,2,1,False
1999,False,True,130.5,11.0,5,4,True
2000,False,True,210.5,11.5,2,1,False
2001,False,False,255.1,8.5,5,3,True
2002,False,False,67.7,12.0,2,1,False
2003,False,False,157.9,14.0,2,0,False
2004,False,False,235.9,5.8,2,3,False
2005,False,False,181.1,4.2,9,2,False
2006,False,True,205.0,11.7,8,1,False
2007,True,False,199.2,11.8,7,1,False
2008,False,True,190.8,8.9,6,0,False
2009,False,False,223.2,14.5,4,3,False
2010,False,True,211.1,9.7,9,2,False
2011,False,True,174.0,6.7,3,1,False
2012,False,False,264.0,10.6,8,3,False
2013,False,False,137.6,5.8,10,3,False
2014,False,False,159.9,5.6,4,1,False
2015,False,False,116.8,12.0,2,1,False
2016,False,False,150.5,9.0,2,1,False
2017,False,False,236.9,11.4,7,2,True
2018,False,False,261.7,3.3,5,0,False
2019,False,False,131.5,7.9,2,5,True
2020,True,False,216.9,17.5,5,1,True
2021,False,False,189.8,14.9,3,2,False
2022,False,True,170.8,9.6,5,5,True
2023,False,False,119.3,10.5,4,3,False
2024,False,True,105.2,6.3,3,2,False
2025,False,True,215.9,15.5,7,0,False
2026,True,True,196.0,3.7,5,1,False
2027,False,False,143.3,7.8,2,4,True
2028,False,False,165.4,12.8,5,2,False
2029,False,True,179.7,9.3,8,1,True
2030,False,True,161.2,4.4,8,4,False
2031,False,False,113.0,9.2,5,2,True
2032,True,True,175.3,11.1,3,1,False
2033,False,False,166.8,11.8,4,0,False
2034,False,True,268.6,11.6,3,2,False
2035,False,False,163.6,8.6,9,0,False
2036,False,False,200.1,11.9,5,0,False
2037,False,False,238.0,10.6,6,2,False
2038,False,True,209.9,6.6,1,0,False
2039,False,True,205.5,6.9,4,1,False
2040,False,False,247.8,6.9,2,1,False
2041,False,False,129.4,1.1,2,2,False
2042,False,False,175.4,11.6,4,0,False
2043,False,False,263.4,10.7,2,2,False
2044,False,True,216.8,8.6,2,0,False
2045,False,False,125.3,8.4,4,1,False
2046,False,False,204.5,9.8,2,0,False
2047,False,False,177.2,12.7,2,4,False
2048,False,True,121.0,12.0,1,1,False
2049,False,True,229.4,8.0,1,2,False
2050,False,False,72.7,9.9,3,1,False
2051,False,True,199.1,4.2,1,1,False
2052,False,True,165.9,14.1,8,4,False
2053,False,False,142.5,7.8,8,2,False
2054,False,False,142.3,9.9,1,1,False
2055,False,False,182.5,7.5,2,2,False
2056,False,False,209.4,9.8,11,1,False
2057,False,False,217.7,9.6,3,3,False
2058,False,True,207.6,9.7,3,1,False
2059,False,False,139.8,9.4,7,2,False
2060,True,False,161.9,10.7,4,1,False
2061,False,False,176.9,9.5,2,1,False
2062,False,True,174.5,12.2,2,1,False
2063,False,False,153.7,14.1,6,1,False
2064,False,False,169.8,12.7,7,2,False
2065,False,False,118.1,8.2,6,1,False
2066,False,False,231.2,12.3,1,1,False
2067,False,False,70.7,0.0,0,2,False
2068,False,False,136.4,11.5,1,3,False
2069,False,False,134.9,11.3,6,1,False
2070,False,True,121.5,11.3,5,2,False
2071,False,False,237.8,10.2,6,2,False
2072,False,False,188.4,13.2,2,1,False
2073,False,False,215.6,13.5,3,1,False
2074,False,False,150.7,7.0,4,2,False
2075,False,False,144.2,13.8,4,3,False
2076,False,False,73.8,10.9,3,2,False
2077,False,False,222.1,9.4,3,2,False
2078,False,True,154.0,11.8,4,2,False
2079,False,False,155.4,9.0,3,0,False
2080,False,False,230.9,6.3,2,0,False
2081,False,False,131.8,11.3,2,1,False
2082,False,False,131.6,10.2,5,3,False
2083,False,False,134.9,15.0,2,1,False
2084,False,False,164.1,11.4,2,1,False
2085,True,False,47.8,13.3,7,0,True
2086,False,True,154.8,9.0,4,1,False
2087,False,True,305.2,13.2,7,1,False
2088,False,True,151.1,13.8,2,2,False
2089,False,True,215.5,9.6,3,1,False
2090,False,False,279.3,7.9,2,2,True
2091,True,True,126.9,8.8,3,5,True
2092,False,False,177.5,11.9,3,2,False
2093,False,True,221.6,11.3,3,1,False
2094,False,False,112.8,10.1,5,0,False
2095,False,False,180.0,11.5,6,2,False
2096,False,True,141.7,8.5,7,0,False
2097,False,True,81.6,9.9,4,1,False
2098,True,True,143.5,11.3,3,0,False
2099,False,False,82.7,10.9,9,0,False
2100,False,False,153.6,12.5,10,1,False
2101,False,False,113.7,10.8,3,1,False
2102,False,False,191.9,18.2,3,1,False
2103,False,True,244.9,15.2,4,2,False
2104,True,True,128.2,8.8,7,2,False
2105,False,False,129.5,10.9,3,1,False
2106,False,False,140.1,8.0,2,1,False
2107,False,False,94.4,13.1,9,2,False
2108,False,False,217.9,10.6,2,1,False
2109,False,False,130.2,14.0,6,3,False
2110,False,False,105.0,14.9,5,0,False
2111,False,True,96.5,9.4,2,1,False
2112,False,False,233.9,9.5,3,0,False
2113,False,False,298.1,9.7,4,2,True
2114,False,False,226.9,13.2,5,2,False
2115,True,False,266.1,10.3,4,1,False
2116,False,True,99.9,9.8,7,2,False
2117,False,True,167.6,12.2,6,1,False
2118,False,True,251.6,12.2,3,2,False
2119,False,False,164.2,10.7,8,1,False
2120,False,False,193.4,9.3,4,2,False
2121,False,False,229.6,10.8,2,0,True
2122,False,False,228.1,9.9,5,2,True
2123,False,True,87.7,7.3,4,2,False
2124,False,False,243.0,13.4,5,2,False
2125,False,True,264.4,11.3,3,2,False
2126,False,False,54.7,11.1,4,1,False
2127,True,False,140.8,10.9,7,1,False
2128,False,False,127.1,5.0,3,3,False
2129,False,False,213.2,7.5,4,1,False
2130,False,True,198.9,14.3,9,1,False
2131,False,True,243.1,12.1,2,2,False
2132,True,True,235.0,5.7,7,2,False
2133,False,True,224.1,11.5,7,2,False
2134,True,True,200.3,10.4,3,1,False
2135,False,True,212.7,9.7,13,2,False
2136,False,False,115.4,15.9,6,3,False
2137,False,False,205.3,5.0,9,1,False
2138,False,False,202.1,13.3,5,2,False
2139,False,False,219.6,9.7,5,1,False
2140,False,False,217.8,10.4,5,4,False
2141,True,False,230.9,11.0,2,0,True
2142,False,False,217.2,12.4,2,0,True
2143,False,True,155.0,5.9,4,1,False
2144,True,True,222.1,13.6,2,0,True
2145,False,False,197.3,9.0,6,1,False
2146,False,False,175.3,11.8,5,0,False
2147,False,False,106.6,14.9,7,1,False
2148,False,False,114.4,0.0,0,2,False
2149,False,False,146.5,14.0,6,3,False
2150,False,False,190.2,8.8,4,0,False
2151,False,False,163.4,11.6,2,2,True
2152,False,False,98.2,7.6,1,2,False
2153,False,True,109.6,8.3,4,4,True
2154,False,False,139.1,11.4,9,5,False
2155,False,False,227.4,7.8,6,1,False
2156,True,False,228.9,10.1,2,4,True
2157,True,False,242.2,13.9,5,2,True
2158,False,True,196.6,11.9,3,0,False
2159,False,False,256.4,7.9,1,3,True
2160,True,False,273.5,11.0,9,2,False
2161,True,False,183.0,11.1,6,1,False
2162,False,False,256.4,11.1,1,1,True
2163,False,False,205.1,10.7,2,3,False
2164,False,False,60.4,12.4,3,1,False
2165,False,True,194.5,9.5,2,1,False
2166,False,False,162.6,8.2,2,1,False
2167,False,False,155.4,13.9,5,1,False
2168,False,False,171.9,7.6,3,2,False
2169,True,False,254.7,8.0,3,0,True
2170,False,False,152.8,10.5,2,1,False
2171,True,False,125.2,8.3,8,0,False
2172,False,False,263.8,8.4,2,5,True
2173,False,True,239.8,9.5,4,0,False
2174,False,False,225.9,11.2,4,1,True
2175,False,False,76.1,10.8,3,0,False
2176,False,False,139.4,10.0,5,2,False
2177,False,False,174.5,8.5,5,0,False
2178,True,False,242.3,11.3,3,0,True
2179,False,False,175.1,7.3,6,1,False
2180,False,True,148.6,10.1,1,1,False
2181,False,False,147.9,8.8,5,2,False
2182,False,False,146.2,8.7,3,3,False
2183,False,False,229.9,14.2,4,2,False
2184,False,True,239.2,9.5,4,1,False
2185,False,False,148.6,10.0,2,2,False
2186,False,True,236.5,8.1,3,2,False
2187,False,True,89.7,10.7,2,1,False
2188,False,False,277.5,8.2,2,1,False
2189,False,False,184.5,13.7,3,3,False
2190,False,False,227.8,5.6,4,3,False
2191,False,False,161.9,10.2,11,3,False
2192,False,False,195.1,6.7,2,0,False
2193,False,False,241.7,11.1,2,2,False
2194,False,False,206.0,13.2,3,0,False
2195,True,False,235.6,8.6,4,1,False
2196,False,False,159.3,11.1,5,1,False
2197,False,False,172.2,8.7,4,1,False
2198,False,False,103.3,9.0,2,2,False
2199,False,False,220.7,11.5,7,4,False
2200,False,False,111.2,12.6,2,3,False
2201,False,True,184.0,12.7,3,2,False
2202,False,False,223.8,12.3,5,3,False
2203,False,False,163.8,15.7,4,0,False
2204,False,False,170.2,4.3,3,0,False
2205,False,False,177.9,15.2,8,0,False
2206,False,False,274.6,9.2,4,2,False
2207,False,False,62.4,5.7,6,5,True
2208,False,False,269.0,7.3,4,2,True
2209,False,False,225.9,10.1,4,1,False
2210,False,False,228.6,10.1,2,9,True
2211,False,False,63.2,5.1,3,0,False
2212,True,True,174.8,12.8,3,0,False
2213,False,False,157.6,9.4,10,5,True
2214,False,False,147.7,12.8,3,2,False
2215,False,False,148.3,8.3,6,3,False
2216,False,True,236.1,9.1,4,2,False
2217,False,True,106.5,5.7,3,2,False
2218,False,False,287.3,10.5,4,0,True
2219,False,True,180.1,7.5,3,0,False
2220,False,False,162.3,11.1,8,4,False
2221,False,True,265.3,12.9,1,1,False
2222,True,True,127.2,8.1,13,0,False
2223,False,False,193.2,9.7,2,4,False
2224,False,False,167.8,10.5,6,4,True
2225,False,False,201.4,12.0,3,1,False
2226,False,False,173.0,10.4,2,0,False
2227,False,True,248.9,11.2,8,1,False
2228,False,False,195.4,11.6,6,1,False
2229,False,False,48.4,18.2,1,1,False
2230,False,True,205.0,10.2,5,2,False
2231,False,True,138.8,11.8,7,1,False
2232,False,True,216.0,10.7,1,2,False
2233,False,True,196.5,13.4,5,0,False
2234,False,True,178.1,8.4,2,0,False
2235,False,True,125.3,6.3,2,3,False
2236,False,True,253.0,11.8,3,2,False
2237,False,False,165.3,9.8,3,1,False
2238,False,False,197.1,12.8,3,1,False
2239,False,False,217.3,11.3,3,2,False
2240,False,True,179.3,8.6,7,0,False
2241,False,True,37.7,4.9,3,1,False
2242,False,False,116.7,9.7,6,2,False
2243,False,True,115.6,9.9,12,2,False
2244,False,False,126.3,9.6,2,0,False
2245,False,False,140.5,9.5,5,2,False
2246,False,False,139.9,12.7,4,2,False
2247,False,False,199.5,8.1,4,2,False
2248,False,True,288.7,8.6,3,0,False
2249,False,False,142.4,4.6,4,1,False
2250,False,False,142.5,10.0,4,2,False
2251,False,True,157.8,8.7,2,5,True
2252,False,True,202.3,6.7,3,1,False
2253,False,True,192.3,10.5,3,2,False
2254,False,True,2.6,9.2,5,3,False
2255,False,True,175.2,13.2,6,1,False
2256,False,False,152.4,6.6,5,3,False
2257,False,True,137.4,10.2,6,2,False
2258,True,False,277.9,9.2,10,0,True
2259,False,False,57.5,11.6,6,3,False
2260,False,False,148.5,9.9,6,3,False
2261,False,False,155.7,11.0,1,1,False
2262,False,False,196.0,7.9,6,1,False
2263,False,False,125.1,11.2,3,3,False
2264,False,False,235.1,7.0,7,3,False
2265,False,False,271.2,11.5,3,3,True
2266,False,True,111.6,16.0,3,0,False
2267,False,True,179.1,10.6,1,2,False
2268,True,False,168.4,11.4,3,1,False
2269,False,False,163.5,12.6,5,1,False
2270,True,False,62.9,8.9,8,1,False
2271,False,False,138.1,10.3,2,5,True
2272,False,False,113.8,10.4,1,3,False
2273,False,False,154.8,10.6,2,3,False
2274,False,False,223.2,10.1,2,3,False
2275,False,False,187.8,10.6,5,0,False
2276,False,False,256.2,7.4,2,4,False
2277,False,True,211.9,9.4,2,0,False
2278,False,False,195.9,13.2,1,2,False
2279,False,True,193.4,11.1,11,2,False
2280,False,True,133.3,5.6,4,2,False
2281,False,True,152.9,10.8,6,2,False
2282,False,True,209.9,8.7,7,1,False
2283,False,False,181.8,9.7,9,0,False
2284,True,True,94.7,10.6,6,2,False
2285,False,True,214.1,10.1,3,1,False
2286,False,True,200.4,8.3,4,1,False
2287,True,True,221.6,11.5,3,1,False
2288,False,False,205.9,14.5,4,2,False
2289,False,True,214.1,9.2,6,0,False
2290,False,True,176.8,8.3,4,0,False
2291,False,True,106.4,10.1,5,1,False
2292,False,False,313.2,12.8,4,2,True
2293,False,True,202.6,9.0,9,2,False
2294,False,False,232.4,9.1,3,1,False
2295,False,False,165.4,8.9,4,3,False
2296,False,True,279.9,13.0,2,1,False
2297,False,False,149.7,9.7,8,0,False
2298,True,False,146.7,12.5,3,3,False
2299,False,False,179.5,6.6,2,1,False
2300,False,False,173.2,11.2,5,3,False
2301,False,False,166.8,9.3,1,1,False
2302,False,False,162.8,7.2,3,1,False
2303,True,False,178.2,13.6,3,3,True
2304,False,False,109.6,11.0,5,2,False
2305,False,True,193.9,12.6,7,0,False
2306,False,True,227.5,9.0,13,1,False
2307,False,False,247.7,9.6,7,0,True
2308,False,True,198.5,8.1,10,1,False
2309,False,True,216.6,9.1,3,1,False
2310,False,True,183.8,7.7,3,1,False
2311,False,False,179.4,11.2,5,1,False
2312,True,False,183.8,10.1,4,1,False
2313,True,True,142.8,8.9,4,1,False
2314,False,True,95.0,11.2,2,0,False
2315,False,False,83.0,13.0,3,0,False
2316,False,False,101.1,7.3,5,0,False
2317,False,False,128.3,14.3,9,2,False
2318,False,False,127.8,15.9,2,2,False
2319,False,False,162.0,10.9,7,1,False
2320,False,True,163.7,9.9,3,3,False
2321,True,False,221.0,9.7,4,1,False
2322,True,True,160.0,8.7,5,5,True
2323,False,False,139.7,11.3,5,2,False
2324,False,False,172.8,12.8,5,2,False
2325,False,False,197.6,6.4,6,1,False
2326,False,True,174.9,13.5,3,1,True
2327,True,False,171.7,6.8,3,3,False
2328,False,False,143.5,8.8,5,3,False
2329,True,False,150.0,9.4,15,0,False
2330,False,True,174.6,8.8,5,2,False
2331,False,False,172.4,0.0,0,2,False
2332,False,False,217.0,11.8,4,2,False
